,,ږ,ѐ,,擾Ґ,擾_0831,擾_1130,
11/30/22,k,rc,2613,4490,2751,0.552,0.613,0.060
11/30/22,k,cP,461,705,380,0.492,0.539,0.048
11/30/22,k,cQ,540,711,411,0.535,0.578,0.043
11/30/22,k,~cP,2,4,4,,,
11/30/22,k,~cQ,3,4,3,,,
11/30/22,k,~cR,0,0,0,,,
11/30/22,k,P,0,0,0,,,
11/30/22,k,Q,491,876,509,0.522,0.581,0.059
11/30/22,k,[,256,435,258,0.541,0.593,0.052
11/30/22,k,嗄kP,1087,2023,1173,0.515,0.580,0.065
11/30/22,k,嗄kQ,241,314,178,0.483,0.567,0.084
11/30/22,k,嗄P,499,708,397,0.504,0.561,0.057
11/30/22,k,嗄Q,1075,1851,1124,0.565,0.607,0.043
11/30/22,k,嗄R,765,1255,694,0.504,0.553,0.049
11/30/22,k,嗄S,538,989,560,0.509,0.566,0.057
11/30/22,k,嗄T,1123,2031,1172,0.521,0.577,0.056
11/30/22,k,嗄P,551,898,550,0.571,0.612,0.041
11/30/22,k,嗄Q,1507,2782,1903,0.636,0.684,0.048
11/30/22,k,嗄R,794,1335,736,0.499,0.551,0.052
11/30/22,k,pc,0,0,0,,,
11/30/22,k,_R,408,619,393,0.598,0.635,0.037
11/30/22,k,h,978,1324,801,0.555,0.605,0.050
11/30/22,k,蒬,664,1025,616,0.547,0.601,0.054
11/30/22,k,,1,2,2,,,
11/30/22,k,g~,529,810,468,0.532,0.578,0.046
11/30/22,k,P,895,1352,835,0.556,0.618,0.061
11/30/22,k,Q,672,999,566,0.503,0.567,0.064
11/30/22,k,œcP,11,15,3,0.133,0.200,0.067
11/30/22,k,œcQ,86,99,30,0.323,0.303,-0.020
11/30/22,k,L,550,710,401,0.511,0.565,0.054
11/30/22,k,,656,1119,656,0.540,0.586,0.046
11/30/22,k,]P,220,271,160,0.550,0.590,0.040
11/30/22,k,]Q,45,81,71,0.786,0.877,0.091
11/30/22,k,]VnP,30,53,28,0.463,0.528,0.065
11/30/22,k,]VnQ,81,101,65,0.600,0.644,0.044
11/30/22,k,Z,107,128,86,0.611,0.672,0.061
11/30/22,k,,120,190,102,0.521,0.537,0.016
11/30/22,k,ߖ쒬,679,1070,613,0.547,0.573,0.026
11/30/22,k,V_,425,606,361,0.546,0.596,0.050
11/30/22,k,V_P,1354,2053,1262,0.579,0.615,0.035
11/30/22,k,V_Q,566,849,501,0.534,0.590,0.056
11/30/22,k,V_R,1659,2558,1587,0.558,0.620,0.062
11/30/22,k,V_S,722,1064,641,0.542,0.602,0.060
11/30/22,k,V_T,264,389,204,0.486,0.524,0.038
11/30/22,k,V_U,321,490,303,0.563,0.618,0.055
11/30/22,k,V_V,1230,1882,1183,0.583,0.629,0.046
11/30/22,k,V_W,577,788,449,0.501,0.570,0.068
11/30/22,k,VP,1524,2555,1575,0.548,0.616,0.068
11/30/22,k,VQ,1600,2278,1314,0.518,0.577,0.059
11/30/22,k,VR,892,1191,729,0.549,0.612,0.063
11/30/22,k,VS,724,1111,650,0.532,0.585,0.053
11/30/22,k,VP,1340,2060,1207,0.540,0.586,0.046
11/30/22,k,VQ,875,1645,942,0.507,0.573,0.066
11/30/22,k,VR,247,281,172,0.547,0.612,0.065
11/30/22,k,e쒬,213,267,141,0.491,0.528,0.037
11/30/22,k,SP,1361,2317,1359,0.522,0.587,0.064
11/30/22,k,SQ,2418,3940,2284,0.539,0.580,0.041
11/30/22,k,P,17,27,5,0.148,0.185,0.037
11/30/22,k,Q,339,449,250,0.529,0.557,0.028
11/30/22,k,R,70,97,53,0.563,0.546,-0.016
11/30/22,k,lP,5,5,0,,,
11/30/22,k,lQ,4,4,3,,,
11/30/22,k,R,323,421,189,0.410,0.449,0.039
11/30/22,k,LP,717,1055,620,0.518,0.588,0.070
11/30/22,k,LQ,463,568,362,0.568,0.637,0.070
11/30/22,k,LR,932,1567,1073,0.639,0.685,0.046
11/30/22,k,LS,995,1545,889,0.521,0.575,0.054
11/30/22,k,LT,490,686,411,0.557,0.599,0.042
11/30/22,k,LU,541,878,505,0.515,0.575,0.060
11/30/22,k,LV,520,830,509,0.513,0.613,0.100
11/30/22,k,P,803,1134,702,0.547,0.619,0.072
11/30/22,k,Q,697,1085,583,0.490,0.537,0.047
11/30/22,k,R,517,814,481,0.532,0.591,0.059
11/30/22,k,萼P,677,1114,655,0.548,0.588,0.040
11/30/22,k,萼Q,312,464,256,0.547,0.552,0.005
11/30/22,k,萼R,465,541,316,0.532,0.584,0.052
11/30/22,k,萼S,671,990,540,0.507,0.545,0.038
11/30/22,k,ÂP,907,1398,814,0.530,0.582,0.052
11/30/22,k,ÂQ,1704,2835,1696,0.543,0.598,0.055
11/30/22,k,ÂR,2185,3860,2322,0.547,0.602,0.055
11/30/22,k,ÂS,520,706,397,0.497,0.562,0.065
11/30/22,k,ÂT,341,549,338,0.564,0.616,0.052
11/30/22,k,ÂU,1134,1506,855,0.510,0.568,0.058
11/30/22,k,ÂV,577,824,465,0.501,0.564,0.064
11/30/22,k,VP,0,0,0,,,
11/30/22,k,VQ,0,0,0,,,
11/30/22,k,VR,176,307,199,0.598,0.648,0.050
11/30/22,k,VS,449,745,439,0.545,0.589,0.044
11/30/22,k,VT,94,144,88,0.569,0.611,0.042
11/30/22,k,VU,798,1563,941,0.553,0.602,0.049
11/30/22,k,P,629,869,520,0.539,0.598,0.060
11/30/22,k,Q,560,925,528,0.502,0.571,0.069
11/30/22,k,R,533,775,425,0.486,0.548,0.062
11/30/22,k,P,1519,2857,1967,0.626,0.688,0.062
11/30/22,k,Q,1055,1671,910,0.484,0.545,0.061
11/30/22,k,P,1031,2012,1273,0.567,0.633,0.065
11/30/22,k,Q,2563,5044,2984,0.526,0.592,0.066
11/30/22,k,R,1042,1718,946,0.490,0.551,0.061
11/30/22,k,QԒ,1052,1478,816,0.506,0.552,0.046
11/30/22,k,VP,401,714,418,0.530,0.585,0.056
11/30/22,k,VQ,31,51,21,0.412,0.412,0.000
11/30/22,k,VR,1738,2408,1467,0.543,0.609,0.066
11/30/22,k,VS,657,769,371,0.445,0.482,0.038
11/30/22,k,VT,956,1251,707,0.521,0.565,0.044
11/30/22,k,VU,374,474,261,0.511,0.551,0.039
11/30/22,k,ђ,138,204,95,0.396,0.466,0.070
11/30/22,k,蒬,593,1149,861,0.684,0.749,0.065
11/30/22,k,V,836,1496,808,0.502,0.540,0.038
11/30/22,k,VP,914,1138,719,0.557,0.632,0.075
11/30/22,k,VQ,918,1839,1199,0.597,0.652,0.055
11/30/22,k,{P,1255,2281,1449,0.584,0.635,0.051
11/30/22,k,{Q,1258,1955,1109,0.501,0.567,0.066
11/30/22,k,{R,995,1657,891,0.477,0.538,0.061
11/30/22,k,{P,1308,2004,1175,0.517,0.586,0.069
11/30/22,k,{Q,2044,3067,1838,0.537,0.599,0.062
11/30/22,k,{R,1392,2168,1247,0.521,0.575,0.055
11/30/22,k,P},664,953,601,0.575,0.631,0.056
11/30/22,k,Β,667,1098,690,0.584,0.628,0.045
11/30/22,k,,314,408,225,0.499,0.551,0.053
11/30/22,k,XP,302,380,209,0.528,0.550,0.022
11/30/22,k,XQ,636,1044,578,0.516,0.554,0.038
11/30/22,k,R蒬,415,622,374,0.555,0.601,0.046
11/30/22,k,^͒,796,1605,930,0.527,0.579,0.052
11/30/22,s,ВP,1076,1459,856,0.532,0.587,0.054
11/30/22,s,ВQ,574,697,391,0.498,0.561,0.063
11/30/22,s,ԓ,842,1280,711,0.512,0.555,0.044
11/30/22,s,cP,1408,1873,1069,0.512,0.571,0.058
11/30/22,s,cQ,183,265,154,0.549,0.581,0.033
11/30/22,s,cR,254,379,240,0.568,0.633,0.065
11/30/22,s,cS,821,1232,739,0.521,0.600,0.079
11/30/22,s,cT,1090,1505,853,0.524,0.567,0.043
11/30/22,s,쒬P,882,1052,589,0.510,0.560,0.050
11/30/22,s,쒬Q,1532,2107,1221,0.515,0.579,0.065
11/30/22,s,쒬R,811,1162,663,0.491,0.571,0.080
11/30/22,s,쒬S,1747,2559,1434,0.489,0.560,0.072
11/30/22,s,쒬T,1981,3880,2375,0.547,0.612,0.066
11/30/22,s,sʂP,1682,3113,1843,0.531,0.592,0.061
11/30/22,s,sʂQ,2624,4353,2487,0.518,0.571,0.053
11/30/22,s,sʂP,621,994,586,0.540,0.590,0.049
11/30/22,s,sʂQ,1368,2434,1361,0.490,0.559,0.069
11/30/22,s,sʂR,1425,2462,1404,0.502,0.570,0.068
11/30/22,s,s{ʂP,867,1564,919,0.533,0.588,0.054
11/30/22,s,s{ʂQ,702,890,509,0.519,0.572,0.053
11/30/22,s,s{ʂR,1410,2227,1255,0.502,0.564,0.061
11/30/22,s,s{ʂS,1649,3062,1858,0.539,0.607,0.068
11/30/22,s,s{ʂT,736,1185,662,0.491,0.559,0.067
11/30/22,s,skʂP,1709,2555,1508,0.530,0.590,0.060
11/30/22,s,skʂQ,2730,4678,2604,0.493,0.557,0.064
11/30/22,s,PP,430,719,382,0.469,0.531,0.062
11/30/22,s,PQ,2675,6861,4299,0.562,0.627,0.064
11/30/22,s,FP,7190,16025,10265,0.572,0.641,0.068
11/30/22,s,FQ,716,1264,754,0.520,0.597,0.077
11/30/22,s,FR,834,1806,1023,0.503,0.566,0.063
11/30/22,s,qP,1494,2365,1414,0.524,0.598,0.074
11/30/22,s,qQ,560,1067,628,0.509,0.589,0.080
11/30/22,s,qR,843,1946,1038,0.452,0.533,0.081
11/30/22,s,KP,771,1281,750,0.504,0.585,0.081
11/30/22,s,KQ,769,1500,809,0.455,0.539,0.084
11/30/22,s,㒬P,1531,2365,1339,0.503,0.566,0.064
11/30/22,s,㒬Q,1370,2403,1447,0.535,0.602,0.067
11/30/22,s,㒬R,660,902,518,0.515,0.574,0.059
11/30/22,s,㒬S,408,782,434,0.465,0.555,0.090
11/30/22,s,єnP,689,1240,673,0.488,0.543,0.054
11/30/22,s,єnQ,2225,4170,2595,0.539,0.622,0.083
11/30/22,s,єnR,499,1201,655,0.496,0.545,0.050
11/30/22,s,єnS,794,1638,964,0.508,0.589,0.081
11/30/22,s,єnT,663,1193,681,0.507,0.571,0.064
11/30/22,s,哌P,959,1695,1003,0.513,0.592,0.078
11/30/22,s,哌Q,846,1522,837,0.474,0.550,0.076
11/30/22,s,哌R,1260,2436,1369,0.498,0.562,0.064
11/30/22,,P,780,1328,755,0.512,0.569,0.056
11/30/22,,Q,498,629,387,0.559,0.615,0.056
11/30/22,,R,1460,2590,1513,0.525,0.584,0.059
11/30/22,,S,1823,3594,2166,0.542,0.603,0.061
11/30/22,,T,600,1003,592,0.543,0.590,0.047
11/30/22,,U,1839,2657,1600,0.542,0.602,0.060
11/30/22,,V,1426,2215,1361,0.566,0.614,0.049
11/30/22,,W,937,1448,892,0.544,0.616,0.072
11/30/22,,ʐP,1403,2799,1719,0.538,0.614,0.076
11/30/22,,ʐQ,1251,2257,1373,0.550,0.608,0.058
11/30/22,,ʐR,613,976,572,0.512,0.586,0.074
11/30/22,,ʐS,819,1495,888,0.507,0.594,0.087
11/30/22,,cP,0,0,0,,,
11/30/22,,cQ,1111,2200,1248,0.486,0.567,0.081
11/30/22,,cR,789,1172,661,0.491,0.564,0.073
11/30/22,,cS,189,373,257,0.592,0.689,0.097
11/30/22,,cT,959,1796,1001,0.462,0.557,0.095
11/30/22,,cU,1056,2791,1646,0.501,0.590,0.089
11/30/22,,gP,1239,2119,1250,0.518,0.590,0.072
11/30/22,,gQ,1081,1540,1069,0.618,0.694,0.076
11/30/22,,gR,1423,2372,1390,0.510,0.586,0.076
11/30/22,,gS,1844,3121,1850,0.516,0.593,0.077
11/30/22,,gT,1312,2161,1237,0.492,0.572,0.080
11/30/22,,JP,941,1753,1105,0.565,0.630,0.066
11/30/22,,JQ,1243,2067,1245,0.504,0.602,0.099
11/30/22,,JR,1320,2723,1598,0.507,0.587,0.080
11/30/22,,JS,889,1537,867,0.473,0.564,0.091
11/30/22,,FP,858,1583,933,0.515,0.589,0.074
11/30/22,,FQ,1141,1884,1150,0.535,0.610,0.075
11/30/22,,FR,2340,4623,3012,0.586,0.652,0.066
11/30/22,,FS,673,1045,607,0.500,0.581,0.080
11/30/22,,FT,2060,4829,3152,0.593,0.653,0.060
11/30/22,,FU,536,769,449,0.512,0.584,0.071
11/30/22,,CV]P,2009,3708,2517,0.610,0.679,0.069
11/30/22,,CV]Q,1255,2087,1272,0.527,0.609,0.083
11/30/22,,CV]R,903,1706,964,0.467,0.565,0.099
11/30/22,,CV]S,529,1025,643,0.564,0.627,0.063
11/30/22,,CV]T,605,786,505,0.565,0.642,0.078
11/30/22,,CV]U,212,356,187,0.462,0.525,0.063
11/30/22,,CV]V,1351,2046,1237,0.534,0.605,0.071
11/30/22,,CV]W,1089,2002,1194,0.522,0.596,0.074
11/30/22,ԋ,P,1372,2408,1272,0.486,0.528,0.042
11/30/22,ԋ,Q,939,1576,746,0.442,0.473,0.031
11/30/22,ԋ,R,1174,1825,981,0.504,0.538,0.034
11/30/22,ԋ,S,304,516,279,0.469,0.541,0.071
11/30/22,ԋ,T,545,822,479,0.540,0.583,0.043
11/30/22,ԋ,U,513,1290,791,0.555,0.613,0.058
11/30/22,ԋ,V,0,0,0,,,
11/30/22,ԋ,P,4193,8104,4455,0.507,0.550,0.043
11/30/22,ԋ,Q,480,885,448,0.470,0.506,0.036
11/30/22,ԋ,R,818,1727,847,0.449,0.490,0.042
11/30/22,ԋ,`@P,1559,2282,1286,0.520,0.564,0.043
11/30/22,ԋ,`@Q,755,1445,801,0.500,0.554,0.054
11/30/22,ԋ,`@R,818,1818,1045,0.529,0.575,0.046
11/30/22,ԋ,`@S,372,721,382,0.469,0.530,0.060
11/30/22,ԋ,`@T,934,1633,799,0.447,0.489,0.042
11/30/22,ԋ,`@U,1986,3168,1726,0.501,0.545,0.044
11/30/22,ԋ,~P,1218,1872,931,0.461,0.497,0.036
11/30/22,ԋ,~Q,662,1234,614,0.465,0.498,0.032
11/30/22,ԋ,~R,1235,1900,1022,0.469,0.538,0.069
11/30/22,ԋ,toP,212,406,202,0.446,0.498,0.052
11/30/22,ԋ,toQ,811,1614,811,0.441,0.502,0.061
11/30/22,ԋ,toR,411,1053,647,0.543,0.614,0.071
11/30/22,ԋ,toP,1066,1897,1017,0.481,0.536,0.055
11/30/22,ԋ,toQ,843,1532,746,0.435,0.487,0.052
11/30/22,ԋ,toR,8,12,9,0.750,0.750,0.000
11/30/22,ԋ,tokP,859,1354,697,0.480,0.515,0.035
11/30/22,ԋ,tokQ,713,1316,712,0.500,0.541,0.041
11/30/22,ԋ,tokR,520,983,511,0.471,0.520,0.049
11/30/22,ԋ,ѓP,1496,2565,1279,0.459,0.499,0.040
11/30/22,ԋ,ѓQ,223,411,221,0.500,0.538,0.038
11/30/22,ԋ,ѓR,1564,3366,1726,0.460,0.513,0.053
11/30/22,ԋ,ѓS,1209,2325,1286,0.504,0.553,0.049
11/30/22,ԋ,ѓT,288,702,314,0.401,0.447,0.046
11/30/22,ԋ,ѓU,644,1312,681,0.467,0.519,0.052
11/30/22,ԋ,gP,2,2,1,,,
11/30/22,ԋ,gQ,0,0,0,,,
11/30/22,ԋ,P,27,60,27,0.477,0.450,-0.027
11/30/22,ԋ,Q,317,590,309,0.473,0.524,0.051
11/30/22,ԋ,R,543,1251,610,0.436,0.488,0.052
11/30/22,ԋ,S,41,41,10,0.227,0.244,0.017
11/30/22,ԋ,T,0,0,0,,,
11/30/22,ԋ,U,1680,4182,2484,0.531,0.594,0.063
11/30/22,ԋ,P,0,0,0,,,
11/30/22,ԋ,Q,0,0,0,,,
11/30/22,ԋ,R,162,255,141,0.519,0.553,0.034
11/30/22,ԋ,~P,0,0,0,,,
11/30/22,ԋ,~Q,0,0,0,,,
11/30/22,ԋ,k`P,0,0,0,,,
11/30/22,ԋ,k`Q,1,1,1,,,
11/30/22,ԋ,P,218,366,207,0.562,0.566,0.003
11/30/22,ԋ,Q,249,460,212,0.446,0.461,0.015
11/30/22,ԋ,lѓP,438,878,430,0.439,0.490,0.051
11/30/22,ԋ,lѓQ,740,1156,598,0.463,0.517,0.054
11/30/22,ԋ,k`ÂP,0,0,0,,,
11/30/22,ԋ,k`ÂQ,30,30,20,0.778,0.667,-0.111
11/30/22,ԋ,k`ΒnP,0,0,0,,,
11/30/22,ԋ,k`ΒnQ,29,29,11,0.333,0.379,0.046
11/30/22,ԋ,F,0,0,0,,,
11/30/22,,P,395,638,363,0.526,0.569,0.043
11/30/22,,Q,1479,2372,1371,0.525,0.578,0.053
11/30/22,,{P,501,862,503,0.524,0.584,0.059
11/30/22,,{Q,615,1065,617,0.501,0.579,0.078
11/30/22,,{R,360,671,366,0.489,0.545,0.057
11/30/22,,{S,235,501,247,0.461,0.493,0.032
11/30/22,,{T,404,756,449,0.529,0.594,0.065
11/30/22,,P,696,1386,819,0.526,0.591,0.065
11/30/22,,Q,470,672,360,0.488,0.536,0.048
11/30/22,,㎬P,511,920,514,0.519,0.559,0.039
11/30/22,,㎬Q,655,990,563,0.504,0.569,0.065
11/30/22,,P,171,385,236,0.539,0.613,0.074
11/30/22,,Q,139,245,117,0.407,0.478,0.070
11/30/22,,,1538,2218,1298,0.521,0.585,0.064
11/30/22,,P,1174,1665,927,0.502,0.557,0.055
11/30/22,,Q,1379,2088,1211,0.522,0.580,0.058
11/30/22,,R,914,1319,818,0.549,0.620,0.071
11/30/22,,ÂP,645,932,498,0.485,0.534,0.050
11/30/22,,ÂQ,681,861,472,0.506,0.548,0.042
11/30/22,,ÂR,2255,3302,1884,0.515,0.571,0.056
11/30/22,,DP,2048,2756,1522,0.505,0.552,0.047
11/30/22,,DQ,753,950,526,0.505,0.554,0.049
11/30/22,,DR,196,238,120,0.459,0.504,0.046
11/30/22,,DS,149,192,97,0.464,0.505,0.041
11/30/22,,VP,1987,2550,1386,0.485,0.544,0.058
11/30/22,,VQ,3071,3933,1965,0.452,0.500,0.047
11/30/22,,ږxP,329,406,191,0.425,0.470,0.046
11/30/22,,ږxQ,23,35,18,0.543,0.514,-0.029
11/30/22,,OP,102,139,59,0.360,0.424,0.064
11/30/22,,OQ,113,141,62,0.398,0.440,0.041
11/30/22,,gO,328,471,233,0.444,0.495,0.050
11/30/22,,gP,18,32,11,0.250,0.344,0.094
11/30/22,,gQ,20,23,18,0.667,0.783,0.116
11/30/22,,gR,15,24,13,0.542,0.542,0.000
11/30/22,,gS,48,70,34,0.431,0.486,0.055
11/30/22,,gT,2,4,3,,,
11/30/22,,{P,1012,1302,682,0.485,0.524,0.039
11/30/22,,{Q,1544,2001,1058,0.466,0.529,0.063
11/30/22,,S֋P,1007,1386,768,0.501,0.554,0.053
11/30/22,,S֋Q,104,130,65,0.433,0.500,0.067
11/30/22,,S֋؂P,29,51,33,0.500,0.647,0.147
11/30/22,,S֋؂Q,26,47,19,0.426,0.404,-0.021
11/30/22,,S֋P,260,340,203,0.563,0.597,0.034
11/30/22,,S֋Q,452,536,292,0.481,0.545,0.064
11/30/22,,@Eq咬,59,68,37,0.543,0.544,0.001
11/30/22,,klP,7,11,4,0.364,0.364,0.000
11/30/22,,klQ,285,499,322,0.583,0.645,0.062
11/30/22,,klR,14,32,13,0.406,0.406,0.000
11/30/22,,klS,0,0,0,,,
11/30/22,,P,103,193,109,0.554,0.565,0.011
11/30/22,,Q,250,250,158,0.605,0.632,0.027
11/30/22,,R,47,89,56,0.471,0.629,0.158
11/30/22,,S,1,1,1,,,
11/30/22,,틴P,516,811,484,0.553,0.597,0.043
11/30/22,,틴Q,337,536,363,0.629,0.677,0.049
11/30/22,,틴R,1,1,0,,,
11/30/22,,틴S,7,12,6,0.462,0.500,0.038
11/30/22,,P,0,0,0,,,
11/30/22,,Q,7,9,4,0.545,0.444,-0.101
11/30/22,,R,198,361,225,0.573,0.623,0.050
11/30/22,,S,26,38,30,0.789,0.789,0.000
11/30/22,,CP,89,105,69,0.533,0.657,0.124
11/30/22,,CQ,63,72,38,0.547,0.528,-0.019
11/30/22,,CR,56,133,65,0.485,0.489,0.004
11/30/22,,CS,10,14,6,0.429,0.429,0.000
11/30/22,,쒬P,402,486,305,0.583,0.628,0.045
11/30/22,,쒬Q,141,155,90,0.529,0.581,0.052
11/30/22,,쒬R,59,87,56,0.608,0.644,0.036
11/30/22,,쒬S,100,111,58,0.483,0.523,0.039
11/30/22,,WHP,87,125,51,0.370,0.408,0.038
11/30/22,,WHQ,289,385,219,0.527,0.569,0.042
11/30/22,,WHR,249,443,291,0.605,0.657,0.052
11/30/22,,WHS,56,62,47,0.667,0.758,0.091
11/30/22,,P,652,991,572,0.517,0.577,0.060
11/30/22,,Q,147,190,132,0.638,0.695,0.057
11/30/22,,R,170,279,200,0.649,0.717,0.068
11/30/22,,S,208,363,204,0.538,0.562,0.024
11/30/22,,㒬P,359,593,407,0.619,0.686,0.067
11/30/22,,㒬Q,89,124,91,0.675,0.734,0.059
11/30/22,,㒬R,15,24,18,0.692,0.750,0.058
11/30/22,,㒬S,3,3,1,,,
11/30/22,,yP,193,270,159,0.505,0.589,0.083
11/30/22,,yQ,214,400,329,0.833,0.823,-0.011
11/30/22,,yR,174,294,205,0.670,0.697,0.027
11/30/22,,{P,10,18,3,0.167,0.167,0.000
11/30/22,,{Q,1,3,0,,,
11/30/22,,{R,1,1,0,,,
11/30/22,,{S,173,201,128,0.556,0.637,0.081
11/30/22,,{P,526,852,593,0.664,0.696,0.032
11/30/22,,{Q,49,50,32,0.596,0.640,0.044
11/30/22,,{R,89,146,88,0.521,0.603,0.082
11/30/22,,{S,175,318,170,0.508,0.535,0.027
11/30/22,,DꒆP,0,0,0,,,
11/30/22,,DꒆQ,0,0,0,,,
11/30/22,,DꒆR,0,0,0,,,
11/30/22,,DꒆS,0,0,0,,,
11/30/22,,vYP,883,1277,824,0.595,0.645,0.050
11/30/22,,vYQ,127,156,100,0.597,0.641,0.044
11/30/22,,vYR,24,25,15,0.615,0.600,-0.015
11/30/22,,vYS,7,16,7,0.375,0.438,0.063
11/30/22,,kv󎛒P,579,688,405,0.523,0.589,0.065
11/30/22,,kv󎛒Q,156,181,110,0.600,0.608,0.008
11/30/22,,kv󎛒R,54,98,52,0.477,0.531,0.054
11/30/22,,kv󎛒S,35,43,23,0.538,0.535,-0.004
11/30/22,,v󎛒P,795,962,573,0.514,0.596,0.082
11/30/22,,v󎛒Q,519,674,422,0.567,0.626,0.060
11/30/22,,v󎛒R,86,93,54,0.500,0.581,0.081
11/30/22,,v󎛒S,247,341,214,0.572,0.628,0.055
11/30/22,,JP,632,767,446,0.526,0.581,0.056
11/30/22,,JQ,239,279,161,0.540,0.577,0.037
11/30/22,,JR,142,166,99,0.532,0.596,0.064
11/30/22,,JS,63,88,54,0.558,0.614,0.055
11/30/22,,V,84,168,101,0.547,0.601,0.054
11/30/22,,kl,319,563,387,0.636,0.687,0.052
11/30/22,,ΒP,190,311,188,0.488,0.605,0.116
11/30/22,,ΒQ,286,419,259,0.549,0.618,0.069
11/30/22,,P,210,347,197,0.538,0.568,0.030
11/30/22,,Q,418,519,299,0.509,0.576,0.067
11/30/22,,ޏP,203,340,211,0.543,0.621,0.078
11/30/22,,ޏQ,523,725,439,0.563,0.606,0.043
11/30/22,,DzP,209,322,207,0.556,0.643,0.087
11/30/22,,DzQ,525,643,419,0.596,0.652,0.055
11/30/22,,틴,1513,1910,1252,0.589,0.655,0.067
11/30/22,,쒬P,289,441,241,0.490,0.546,0.057
11/30/22,,쒬Q,490,741,461,0.562,0.622,0.060
11/30/22,,쒬R,41,50,27,0.509,0.540,0.031
11/30/22,,WHP,405,546,336,0.543,0.615,0.072
11/30/22,,WHQ,398,720,479,0.627,0.665,0.038
11/30/22,,WHR,166,217,119,0.495,0.548,0.053
11/30/22,,ʂP,259,459,233,0.472,0.508,0.036
11/30/22,,ʂQ,552,790,511,0.591,0.647,0.056
11/30/22,,ʂR,111,181,107,0.524,0.591,0.067
11/30/22,,P,556,981,576,0.529,0.587,0.058
11/30/22,,Q,171,325,215,0.586,0.662,0.076
11/30/22,,kV,118,188,122,0.547,0.649,0.101
11/30/22,,VP,145,208,133,0.603,0.639,0.037
11/30/22,,VQ,245,333,194,0.532,0.583,0.050
11/30/22,,䒬P,235,315,237,0.729,0.752,0.023
11/30/22,,䒬Q,563,693,388,0.499,0.560,0.061
11/30/22,,{P,379,601,365,0.554,0.607,0.053
11/30/22,,{Q,282,406,267,0.590,0.658,0.068
11/30/22,,P,151,291,168,0.536,0.577,0.041
11/30/22,,Q,367,521,328,0.553,0.630,0.077
11/30/22,,ՒP,215,281,182,0.637,0.648,0.010
11/30/22,,ՒQ,673,774,471,0.542,0.609,0.067
11/30/22,,{,948,1338,761,0.527,0.569,0.042
11/30/22,,JP,174,295,200,0.578,0.678,0.100
11/30/22,,JQ,429,777,547,0.646,0.704,0.058
11/30/22,,JR,224,310,178,0.513,0.574,0.061
11/30/22,,JS,693,1316,774,0.520,0.588,0.068
11/30/22,,JT,1104,2052,1118,0.485,0.545,0.060
11/30/22,,JU,2114,3471,2044,0.534,0.589,0.055
11/30/22,,JV,1193,1829,1003,0.501,0.548,0.048
11/30/22,,JW,315,594,360,0.549,0.606,0.057
11/30/22,,JX,514,855,472,0.495,0.552,0.057
11/30/22,,OP,112,157,94,0.535,0.599,0.064
11/30/22,,OQ,0,0,0,,,
11/30/22,,OR,0,0,0,,,
11/30/22,,OS,0,0,0,,,
11/30/22,,_lP,665,1193,714,0.538,0.598,0.060
11/30/22,,_lQ,518,840,525,0.580,0.625,0.045
11/30/22,,_lR,128,133,80,0.519,0.602,0.082
11/30/22,,a򒬂P,278,308,201,0.593,0.653,0.060
11/30/22,,a򒬂Q,262,348,204,0.526,0.586,0.060
11/30/22,,v󎛒P,0,0,0,,,
11/30/22,,v󎛒Q,813,1593,929,0.530,0.583,0.053
11/30/22,,v󎛒R,395,485,304,0.571,0.627,0.056
11/30/22,,v󎛒S,533,1001,692,0.655,0.691,0.037
11/30/22,,ޖؒ,642,731,438,0.555,0.599,0.044
11/30/22,,㒬,2030,3779,2336,0.536,0.609,0.073
11/30/22,,,348,682,383,0.506,0.562,0.056
11/30/22,,\񌬒,515,816,502,0.544,0.615,0.071
11/30/22,,쒬,735,1313,799,0.559,0.609,0.050
11/30/22,,_蒬,305,533,293,0.470,0.550,0.080
11/30/22,,Zg,854,1013,610,0.531,0.602,0.071
11/30/22,,錩P,0,0,0,,,
11/30/22,,錩Q,0,0,0,,,
11/30/22,,,1,1,1,,,
11/30/22,,n꒬,84,84,52,0.608,0.619,0.011
11/30/22,,@~P,620,1125,680,0.566,0.604,0.039
11/30/22,,@~Q,128,168,119,0.701,0.708,0.007
11/30/22,,Xm{P,817,1354,732,0.479,0.541,0.062
11/30/22,,Xm{Q,1187,2572,1524,0.516,0.593,0.076
11/30/22,,ʑP,1251,2476,1412,0.509,0.570,0.061
11/30/22,,ʑQ,1398,2584,1366,0.470,0.529,0.058
11/30/22,,P,119,171,87,0.444,0.509,0.065
11/30/22,,Q,56,89,17,0.193,0.191,-0.002
11/30/22,,gP,389,481,289,0.574,0.601,0.026
11/30/22,,gQ,223,263,136,0.455,0.517,0.063
11/30/22,,xP,1073,1496,901,0.544,0.602,0.058
11/30/22,,xQ,262,354,195,0.497,0.551,0.054
11/30/22,,xR,931,1458,849,0.501,0.582,0.082
11/30/22,,xS,1201,1642,951,0.518,0.579,0.061
11/30/22,,xT,738,1193,664,0.506,0.557,0.050
11/30/22,,xU,1253,2072,1179,0.503,0.569,0.066
11/30/22,,x{P,740,1167,695,0.528,0.596,0.068
11/30/22,,x{Q,562,690,438,0.597,0.635,0.038
11/30/22,,x{R,1136,1667,1045,0.588,0.627,0.039
11/30/22,,]˖xP,1575,2365,1410,0.554,0.596,0.043
11/30/22,,]˖xQ,1081,1693,957,0.517,0.565,0.048
11/30/22,,]˖xR,1813,3241,2022,0.568,0.624,0.056
11/30/22,,]VqP,1629,2812,1698,0.541,0.604,0.063
11/30/22,,]VqQ,898,1889,1196,0.554,0.633,0.080
11/30/22,,P,395,596,323,0.475,0.542,0.067
11/30/22,,Q,574,859,556,0.587,0.647,0.061
11/30/22,,R,1082,2014,1104,0.491,0.548,0.057
11/30/22,,S,544,868,503,0.484,0.579,0.096
11/30/22,,kx]P,1414,2116,1104,0.480,0.522,0.042
11/30/22,,kx]Q,1432,2104,1092,0.470,0.519,0.049
11/30/22,,kx]R,1385,2396,1429,0.537,0.596,0.060
11/30/22,,kx]S,1861,3332,1985,0.524,0.596,0.071
11/30/22,,xP,832,1154,634,0.500,0.549,0.049
11/30/22,,xQ,1267,2009,1160,0.532,0.577,0.045
11/30/22,,xR,690,1047,605,0.530,0.578,0.048
11/30/22,,P,2020,2855,1497,0.468,0.524,0.056
11/30/22,,Q,1222,1968,1063,0.491,0.540,0.050
11/30/22,,R,958,1528,808,0.466,0.529,0.063
11/30/22,,P,687,1053,598,0.497,0.568,0.071
11/30/22,,Q,1739,2864,1506,0.469,0.526,0.057
11/30/22,,R,1304,2118,1156,0.487,0.546,0.059
11/30/22,,S,1167,2277,1225,0.484,0.538,0.054
11/30/22,,P,627,1117,599,0.471,0.536,0.066
11/30/22,,Q,225,348,188,0.507,0.540,0.033
11/30/22,,VP,2799,4684,2629,0.505,0.561,0.057
11/30/22,,VQ,1317,2474,1464,0.539,0.592,0.053
11/30/22,,VR,1833,3495,2031,0.522,0.581,0.059
11/30/22,,VS,1635,2635,1600,0.547,0.607,0.061
11/30/22,,P,825,1320,766,0.511,0.580,0.069
11/30/22,,Q,1029,1610,861,0.474,0.535,0.061
11/30/22,,R,114,224,160,0.674,0.714,0.040
11/30/22,,yxP,399,496,305,0.591,0.615,0.024
11/30/22,,yxQ,347,639,388,0.556,0.607,0.052
11/30/22,,yxR,613,885,552,0.569,0.624,0.055
11/30/22,,{P,634,948,550,0.538,0.580,0.042
11/30/22,,{Q,729,1113,659,0.531,0.592,0.061
11/30/22,,{R,465,632,364,0.514,0.576,0.062
11/30/22,,{cP,1648,2809,1636,0.496,0.582,0.086
11/30/22,,{cQ,1600,1994,1117,0.496,0.560,0.064
11/30/22,,{cR,806,1233,703,0.511,0.570,0.059
11/30/22,,{cS,1233,1834,1019,0.486,0.556,0.070
11/30/22,,x]P,2001,3140,1674,0.497,0.533,0.036
11/30/22,,x]Q,1668,2613,1429,0.495,0.547,0.052
11/30/22,,x]R,1938,3199,1817,0.506,0.568,0.062
11/30/22,,x]S,4613,8537,4774,0.498,0.559,0.061
11/30/22,`,gP,873,1780,1014,0.510,0.570,0.060
11/30/22,`,gQ,1258,2108,1215,0.505,0.576,0.071
11/30/22,`,gR,726,1027,518,0.462,0.504,0.043
11/30/22,`,gS,975,2283,1222,0.467,0.535,0.068
11/30/22,`,gT,885,1705,982,0.498,0.576,0.078
11/30/22,`,gU,32,36,25,0.600,0.694,0.094
11/30/22,`,sP,1390,1862,1009,0.478,0.542,0.064
11/30/22,`,sQ,1274,2045,1184,0.511,0.579,0.068
11/30/22,`,sR,696,1079,624,0.498,0.578,0.081
11/30/22,`,sP,771,1215,657,0.468,0.541,0.073
11/30/22,`,sQ,1105,1855,1044,0.465,0.563,0.098
11/30/22,`,sR,1900,3693,2094,0.502,0.567,0.065
11/30/22,`,ٓVP,1094,2130,1307,0.561,0.614,0.053
11/30/22,`,ٓVQ,1169,2239,1306,0.513,0.583,0.071
11/30/22,`,ٓVR,1052,2068,1083,0.455,0.524,0.068
11/30/22,`,ٓVS,1488,2495,1429,0.497,0.573,0.076
11/30/22,`,ٓVT,1547,2619,1403,0.467,0.536,0.069
11/30/22,`,ٓVU,101,168,98,0.530,0.583,0.053
11/30/22,`,HP,411,616,402,0.596,0.653,0.056
11/30/22,`,HQ,1602,2855,1680,0.503,0.588,0.085
11/30/22,`,HR,1652,3060,1842,0.509,0.602,0.093
11/30/22,`,sP,1276,2250,1225,0.477,0.544,0.067
11/30/22,`,sQ,748,1406,744,0.463,0.529,0.066
11/30/22,`,sR,741,1565,939,0.516,0.600,0.084
11/30/22,`,sS,173,381,213,0.493,0.559,0.066
11/30/22,`,ΓcP,0,0,0,,,
11/30/22,`,ΓcQ,0,0,0,,,
11/30/22,`,ΓcR,0,0,0,,,
11/30/22,`,[P,1612,2295,1274,0.487,0.555,0.068
11/30/22,`,[Q,1584,2888,1721,0.513,0.596,0.083
11/30/22,`,OP,1103,2069,1096,0.461,0.530,0.069
11/30/22,`,OQ,2112,4294,2511,0.503,0.585,0.082
11/30/22,`,cP,769,1505,823,0.472,0.547,0.075
11/30/22,`,cQ,958,1766,1071,0.535,0.606,0.071
11/30/22,`,cR,254,399,212,0.470,0.531,0.061
11/30/22,`,rP,214,409,249,0.522,0.609,0.087
11/30/22,`,rQ,684,1208,853,0.636,0.706,0.070
11/30/22,`,rR,1556,2827,1719,0.537,0.608,0.071
11/30/22,`,P,25,39,20,0.526,0.513,-0.013
11/30/22,`,Q,23,35,17,0.444,0.486,0.041
11/30/22,`,R,0,0,0,,,
11/30/22,`,`P,362,642,388,0.541,0.604,0.063
11/30/22,`,`Q,800,1377,781,0.480,0.567,0.087
11/30/22,`,`R,726,1342,769,0.499,0.573,0.074
11/30/22,`,`S,557,1076,562,0.456,0.522,0.067
11/30/22,`,`T,0,0,0,,,
11/30/22,`,P,579,856,520,0.522,0.607,0.085
11/30/22,`,Q,615,1118,645,0.492,0.577,0.085
11/30/22,`,R,1051,1923,1052,0.464,0.547,0.083
11/30/22,`,S,523,863,460,0.459,0.533,0.074
11/30/22,`,z`P,730,1087,641,0.501,0.590,0.089
11/30/22,`,z`Q,757,1378,820,0.534,0.595,0.062
11/30/22,`,z`R,1421,2320,1396,0.552,0.602,0.050
11/30/22,`,z`S,707,1000,586,0.527,0.586,0.059
11/30/22,`,CݒʂP,4,5,2,,,
11/30/22,`,CݒʂQ,64,67,10,0.104,0.149,0.045
11/30/22,`,CݒʂR,3,3,1,,,
11/30/22,`,CݒʂS,0,0,0,,,
11/30/22,吳,OƓP,2000,3348,1790,0.499,0.535,0.036
11/30/22,吳,OƓQ,993,2029,1061,0.485,0.523,0.038
11/30/22,吳,OƓR,57,73,27,0.296,0.370,0.074
11/30/22,吳,OƓS,723,1342,704,0.476,0.525,0.049
11/30/22,吳,OƓT,749,1423,696,0.433,0.489,0.056
11/30/22,吳,OƓU,574,1096,575,0.475,0.525,0.050
11/30/22,吳,OƐP,1177,1911,1043,0.502,0.546,0.044
11/30/22,吳,OƐQ,713,1254,626,0.460,0.499,0.039
11/30/22,吳,OƐR,744,1221,596,0.450,0.488,0.038
11/30/22,吳,P,2118,3983,2144,0.480,0.538,0.059
11/30/22,吳,Q,810,1629,867,0.469,0.532,0.063
11/30/22,吳,R,951,1983,1063,0.455,0.536,0.081
11/30/22,吳,S,897,1676,951,0.501,0.567,0.066
11/30/22,吳,T,856,1835,987,0.489,0.538,0.049
11/30/22,吳,U,15,28,12,0.393,0.429,0.036
11/30/22,吳,V,1293,2314,1142,0.437,0.494,0.057
11/30/22,吳,瓇P,1223,2777,1397,0.449,0.503,0.054
11/30/22,吳,瓇Q,2120,3081,1745,0.507,0.566,0.059
11/30/22,吳,瓇R,973,1639,849,0.463,0.518,0.055
11/30/22,吳,kP,541,1064,479,0.394,0.450,0.056
11/30/22,吳,kQ,574,1160,584,0.427,0.503,0.077
11/30/22,吳,kR,673,1227,591,0.432,0.482,0.050
11/30/22,吳,kP,791,1435,692,0.428,0.482,0.054
11/30/22,吳,kQ,65,162,92,0.506,0.568,0.062
11/30/22,吳,ѓP,16,26,6,0.185,0.231,0.046
11/30/22,吳,ѓQ,752,1470,728,0.447,0.495,0.048
11/30/22,吳,ѓR,830,1539,686,0.385,0.446,0.061
11/30/22,吳,ѐP,282,475,213,0.394,0.448,0.054
11/30/22,吳,ѐQ,604,995,472,0.410,0.474,0.064
11/30/22,吳,P,274,571,273,0.416,0.478,0.062
11/30/22,吳,Q,718,1386,737,0.466,0.532,0.066
11/30/22,吳,R,662,1302,605,0.410,0.465,0.055
11/30/22,吳,S,934,1670,786,0.424,0.471,0.046
11/30/22,吳,T,587,1117,533,0.431,0.477,0.046
11/30/22,吳,쉶P,356,713,316,0.383,0.443,0.060
11/30/22,吳,쉶Q,612,1253,599,0.435,0.478,0.043
11/30/22,吳,쉶R,883,1747,859,0.455,0.492,0.036
11/30/22,吳,쉶S,95,166,94,0.515,0.566,0.051
11/30/22,吳,쉶T,274,459,209,0.383,0.455,0.073
11/30/22,吳,쉶U,707,1306,594,0.403,0.455,0.052
11/30/22,吳,쉶V,0,0,0,,,
11/30/22,吳,ߒP,779,1491,724,0.438,0.486,0.048
11/30/22,吳,ߒQ,805,1498,747,0.452,0.499,0.047
11/30/22,吳,ߒR,1103,2249,1153,0.437,0.513,0.076
11/30/22,吳,ߒS,939,1483,798,0.492,0.538,0.046
11/30/22,吳,ߒT,4,4,0,,,
11/30/22,吳,DP,0,0,0,,,
11/30/22,吳,DQ,0,0,0,,,
11/30/22,V,,829,1316,712,0.482,0.541,0.059
11/30/22,V,{,384,752,418,0.497,0.556,0.059
11/30/22,V,ʒ,1397,1900,977,0.464,0.514,0.051
11/30/22,V,ʎ,521,880,509,0.541,0.578,0.038
11/30/22,V,ʑO,626,956,587,0.552,0.614,0.062
11/30/22,V,΃PҒ,906,1759,1061,0.539,0.603,0.065
11/30/22,V,V{,379,835,479,0.522,0.574,0.052
11/30/22,V,{P,169,328,201,0.542,0.613,0.071
11/30/22,V,{Q,176,285,165,0.522,0.579,0.057
11/30/22,V,{R,318,606,335,0.512,0.553,0.041
11/30/22,V,{S,35,57,42,0.564,0.737,0.173
11/30/22,V,{,694,1222,767,0.579,0.628,0.049
11/30/22,V,{U,834,1386,790,0.524,0.570,0.046
11/30/22,V,{V,602,1251,759,0.545,0.607,0.062
11/30/22,V,{W,951,1910,1062,0.509,0.556,0.047
11/30/22,V,{X,713,1460,815,0.502,0.558,0.057
11/30/22,V,㎬R,989,1554,1040,0.599,0.669,0.070
11/30/22,V,㎬S,446,817,477,0.517,0.584,0.067
11/30/22,V,㎬T,588,1184,693,0.526,0.585,0.059
11/30/22,V,㎬U,238,462,252,0.498,0.545,0.048
11/30/22,V,a,339,717,378,0.473,0.527,0.054
11/30/22,V,P,384,670,396,0.561,0.591,0.030
11/30/22,V,Q,393,596,295,0.452,0.495,0.043
11/30/22,V,,1006,1797,1100,0.554,0.612,0.058
11/30/22,V,RP,797,1874,1082,0.517,0.577,0.061
11/30/22,V,RQ,876,1697,968,0.510,0.570,0.060
11/30/22,V,RR,431,872,497,0.489,0.570,0.081
11/30/22,V,RS,630,1335,887,0.617,0.664,0.047
11/30/22,V,x,823,1632,859,0.480,0.526,0.046
11/30/22,V,GP҂P,550,1060,627,0.544,0.592,0.048
11/30/22,V,GP҂Q,427,941,629,0.602,0.668,0.066
11/30/22,V,󐴒,549,1215,683,0.517,0.562,0.045
11/30/22,V,k͖x,757,1341,801,0.538,0.597,0.059
11/30/22,V,kR,488,1064,633,0.539,0.595,0.056
11/30/22,V,{,669,1598,900,0.477,0.563,0.086
11/30/22,V,,1319,2416,1403,0.525,0.581,0.056
11/30/22,V,^cR,325,696,399,0.528,0.573,0.046
11/30/22,V,׍HJP,482,1070,648,0.547,0.606,0.059
11/30/22,V,׍HJQ,353,756,450,0.540,0.595,0.055
11/30/22,V,^@@,690,1492,787,0.476,0.527,0.052
11/30/22,V,P,25,71,39,0.507,0.549,0.042
11/30/22,V,Q,241,416,226,0.477,0.543,0.066
11/30/22,V,lVP,957,1847,1112,0.538,0.602,0.064
11/30/22,V,lVQ,178,405,230,0.526,0.568,0.042
11/30/22,V,J,954,2140,1146,0.483,0.536,0.052
11/30/22,V,쎛,532,942,421,0.415,0.447,0.031
11/30/22,V,,22,38,18,0.447,0.474,0.026
11/30/22,V,哹P,729,1120,640,0.512,0.571,0.059
11/30/22,V,哹Q,869,1675,924,0.489,0.552,0.062
11/30/22,V,哹R,787,1250,705,0.527,0.564,0.037
11/30/22,V,哹S,484,928,508,0.489,0.547,0.059
11/30/22,V,哹T,216,434,255,0.534,0.588,0.053
11/30/22,V,ʑ,1736,3494,2045,0.520,0.585,0.065
11/30/22,V,ʑ{,995,1891,1030,0.487,0.545,0.057
11/30/22,V,PR,158,235,129,0.477,0.549,0.072
11/30/22,V,cP,467,954,536,0.503,0.562,0.059
11/30/22,V,cQ,548,827,524,0.565,0.634,0.068
11/30/22,V,㒬,511,726,418,0.516,0.576,0.060
11/30/22,V,łP,482,933,560,0.543,0.600,0.057
11/30/22,V,łQ,992,2224,1371,0.550,0.616,0.067
11/30/22,V,ߓc@,608,1207,717,0.536,0.594,0.058
11/30/22,V,Ò,1240,2208,1355,0.561,0.614,0.052
11/30/22,V,MP蒬,1839,3611,2145,0.550,0.594,0.044
11/30/22,V,M,953,1561,841,0.489,0.539,0.050
11/30/22,V,xz,521,871,463,0.480,0.532,0.052
11/30/22,V,P@,349,936,513,0.508,0.548,0.040
11/30/22,V,͖x,704,1115,660,0.516,0.592,0.076
11/30/22,V,l,221,402,235,0.522,0.585,0.063
11/30/22,V,Z̒,275,473,248,0.492,0.524,0.033
11/30/22,V,[zu,428,847,478,0.525,0.564,0.039
11/30/22,Q,P,935,1191,588,0.432,0.494,0.061
11/30/22,Q,Q,968,1421,829,0.514,0.583,0.069
11/30/22,Q,R,1216,1622,873,0.462,0.538,0.076
11/30/22,Q,{P,786,996,515,0.460,0.517,0.058
11/30/22,Q,{Q,604,802,408,0.443,0.509,0.066
11/30/22,Q,{R,1172,1675,851,0.433,0.508,0.075
11/30/22,Q,{R,604,693,337,0.445,0.486,0.042
11/30/22,Q,{S,655,918,479,0.467,0.522,0.055
11/30/22,Q,{T,1508,2109,1123,0.470,0.532,0.063
11/30/22,Q,{P,507,611,349,0.506,0.571,0.065
11/30/22,Q,{Q,481,756,401,0.456,0.530,0.075
11/30/22,Q,b{P,685,884,487,0.444,0.551,0.107
11/30/22,Q,b{Q,626,732,378,0.446,0.516,0.070
11/30/22,Q,b{R,194,247,120,0.442,0.486,0.044
11/30/22,Q,b{P,491,626,337,0.447,0.538,0.091
11/30/22,Q,b{Q,1433,1747,938,0.456,0.537,0.081
11/30/22,Q,b{R,2391,2896,1695,0.515,0.585,0.070
11/30/22,Q,gP,172,206,91,0.382,0.442,0.060
11/30/22,Q,gQ,497,729,396,0.484,0.543,0.059
11/30/22,Q,gR,1208,1631,927,0.496,0.568,0.073
11/30/22,Q,P,1140,1601,975,0.530,0.609,0.079
11/30/22,Q,Q,1114,1430,803,0.497,0.562,0.065
11/30/22,Q,R,1602,2009,1097,0.468,0.546,0.078
11/30/22,Q,P,565,984,614,0.558,0.624,0.066
11/30/22,Q,Q,1386,2665,1599,0.532,0.600,0.068
11/30/22,Q,~ÓP,394,464,270,0.472,0.582,0.109
11/30/22,Q,~ÓQ,709,1012,602,0.543,0.595,0.052
11/30/22,Q,~ÓR,681,919,536,0.499,0.583,0.084
11/30/22,Q,~ÐP,1842,2282,1253,0.467,0.549,0.083
11/30/22,Q,~ÐQ,2131,2600,1431,0.463,0.550,0.087
11/30/22,Q,^{P,1468,1752,963,0.447,0.550,0.103
11/30/22,Q,^{Q,588,739,376,0.424,0.509,0.084
11/30/22,Q,卑P,1669,2036,1037,0.433,0.509,0.077
11/30/22,Q,卑Q,1908,2405,1225,0.436,0.509,0.074
11/30/22,Q,卑R,1687,2117,1095,0.450,0.517,0.067
11/30/22,Q,QP,195,286,185,0.563,0.647,0.084
11/30/22,Q,QQ,273,477,249,0.427,0.522,0.095
11/30/22,Q,QR,355,540,242,0.398,0.448,0.050
11/30/22,Q,QP,556,772,402,0.448,0.521,0.073
11/30/22,Q,QQ,357,695,389,0.466,0.560,0.094
11/30/22,Q,QR,253,493,257,0.444,0.521,0.077
11/30/22,Q,QS,190,351,177,0.406,0.504,0.099
11/30/22,Q,P,333,359,177,0.417,0.493,0.076
11/30/22,Q,Q,184,291,126,0.384,0.433,0.049
11/30/22,Q,vۋgP,474,734,380,0.401,0.518,0.117
11/30/22,Q,vۋgQ,305,448,233,0.453,0.520,0.068
11/30/22,Q,tP,240,315,167,0.459,0.530,0.071
11/30/22,Q,tQ,197,312,167,0.481,0.535,0.054
11/30/22,Q,ؒÐP,364,440,220,0.439,0.500,0.061
11/30/22,Q,ؒÐQ,90,222,97,0.318,0.437,0.119
11/30/22,Q,KP,834,1257,696,0.475,0.554,0.079
11/30/22,Q,KQ,1556,2036,1131,0.492,0.556,0.063
11/30/22,Q,KR,1525,1945,1027,0.458,0.528,0.070
11/30/22,Q,P,815,1084,604,0.460,0.557,0.097
11/30/22,Q,Q,2547,3396,1892,0.490,0.557,0.067
11/30/22,Q,R,736,1045,541,0.451,0.518,0.067
11/30/22,Q,S,1656,2273,1258,0.485,0.553,0.068
11/30/22,Q,P,591,900,513,0.489,0.570,0.081
11/30/22,Q,Q,553,852,476,0.498,0.559,0.061
11/30/22,Q,R,1648,2081,1131,0.475,0.543,0.068
11/30/22,Q,ׂP,968,1334,703,0.446,0.527,0.081
11/30/22,Q,ׂQ,999,1264,626,0.424,0.495,0.071
11/30/22,,P,686,1132,618,0.475,0.546,0.071
11/30/22,,Q,828,1294,753,0.527,0.582,0.055
11/30/22,,R,927,1376,765,0.481,0.556,0.075
11/30/22,,ԐP,717,1258,721,0.503,0.573,0.070
11/30/22,,ԐQ,1117,2164,1286,0.526,0.594,0.068
11/30/22,,̓P,1215,2084,1231,0.529,0.591,0.062
11/30/22,,̓Q,884,1744,958,0.495,0.549,0.054
11/30/22,,̓R,994,1911,1087,0.492,0.569,0.077
11/30/22,,̓S,254,432,230,0.432,0.532,0.100
11/30/22,,엢P,2379,3636,2094,0.509,0.576,0.067
11/30/22,,엢Q,2052,3323,1929,0.503,0.580,0.077
11/30/22,,엢R,571,1191,703,0.525,0.590,0.066
11/30/22,,PP,1681,2897,1759,0.532,0.607,0.075
11/30/22,,PQ,1454,2294,1287,0.482,0.561,0.079
11/30/22,,PR,1321,3048,1762,0.505,0.578,0.073
11/30/22,,PP,1240,2110,1252,0.516,0.593,0.077
11/30/22,,PQ,1084,2094,1138,0.473,0.543,0.070
11/30/22,,PR,1117,2453,1437,0.511,0.586,0.075
11/30/22,,PS,1033,1794,1078,0.527,0.601,0.074
11/30/22,,PT,1039,1667,920,0.483,0.552,0.069
11/30/22,,PU,616,1222,660,0.473,0.540,0.067
11/30/22,,P,410,943,587,0.560,0.622,0.063
11/30/22,,Q,1475,2342,1359,0.492,0.580,0.089
11/30/22,,R,200,322,201,0.534,0.624,0.090
11/30/22,,|P,6,15,11,0.625,0.733,0.108
11/30/22,,|Q,123,252,143,0.494,0.567,0.073
11/30/22,,|R,667,1285,743,0.504,0.578,0.074
11/30/22,,|S,70,106,50,0.456,0.472,0.015
11/30/22,,|T,62,80,33,0.367,0.413,0.045
11/30/22,,䕼P,664,1488,863,0.512,0.580,0.068
11/30/22,,䕼Q,1381,2362,1355,0.504,0.574,0.070
11/30/22,,䕼R,1714,4015,2387,0.497,0.595,0.098
11/30/22,,䕼S,690,1406,858,0.552,0.610,0.059
11/30/22,,䕼T,167,312,157,0.423,0.503,0.081
11/30/22,,䕼U,1332,2841,1618,0.489,0.570,0.080
11/30/22,,MP,92,186,101,0.494,0.543,0.049
11/30/22,,MQ,1175,2471,1466,0.515,0.593,0.078
11/30/22,,MR,933,1761,994,0.479,0.564,0.085
11/30/22,,acP,308,623,323,0.449,0.518,0.069
11/30/22,,acQ,569,1112,679,0.547,0.611,0.064
11/30/22,,acR,776,1577,917,0.511,0.581,0.071
11/30/22,,acS,944,1576,922,0.508,0.585,0.077
11/30/22,,acT,910,1566,821,0.449,0.524,0.075
11/30/22,,acU,650,1156,615,0.471,0.532,0.061
11/30/22,,P,296,474,256,0.447,0.540,0.093
11/30/22,,Q,23,36,19,0.486,0.528,0.042
11/30/22,,R,318,539,298,0.489,0.553,0.064
11/30/22,,SP,169,295,151,0.434,0.512,0.078
11/30/22,,SQ,44,46,3,0.130,0.065,-0.065
11/30/22,,ςP,2088,4423,2371,0.479,0.536,0.057
11/30/22,,ςQ,2212,4141,2384,0.505,0.576,0.071
11/30/22,,ςR,1780,3149,1748,0.496,0.555,0.059
11/30/22,,ςS,326,555,326,0.507,0.587,0.080
11/30/22,,ςT,910,1857,961,0.448,0.518,0.070
11/30/22,,ςU,17,24,11,0.478,0.458,-0.020
11/30/22,,ςV,16,19,10,0.474,0.526,0.053
11/30/22,,oP,1053,1917,1094,0.495,0.571,0.076
11/30/22,,oQ,699,1273,727,0.513,0.571,0.058
11/30/22,,oR,1165,2343,1426,0.538,0.609,0.071
11/30/22,,P,2499,5306,3083,0.498,0.581,0.083
11/30/22,,Q,9,11,5,0.364,0.455,0.091
11/30/22,,P,1,1,0,,,
11/30/22,,Q,0,0,0,,,
11/30/22,,P,881,1247,680,0.482,0.545,0.064
11/30/22,,Q,1482,1958,1166,0.533,0.596,0.063
11/30/22,,R,453,587,329,0.502,0.560,0.059
11/30/22,,S,829,1023,571,0.506,0.558,0.052
11/30/22,,T,433,561,332,0.539,0.592,0.053
11/30/22,,U,858,1107,615,0.485,0.556,0.071
11/30/22,,V,488,701,387,0.492,0.552,0.060
11/30/22,,ؐ쓌P,955,1534,937,0.523,0.611,0.087
11/30/22,,ؐ쓌Q,1410,2336,1391,0.536,0.595,0.060
11/30/22,,ؐ쓌R,1001,1433,892,0.560,0.622,0.062
11/30/22,,ؐ쓌S,1948,3313,1895,0.499,0.572,0.073
11/30/22,,ؐ쐼P,1134,1705,940,0.491,0.551,0.060
11/30/22,,ؐ쐼Q,1148,1940,1120,0.511,0.577,0.066
11/30/22,,ؐ쐼R,808,1178,668,0.497,0.567,0.070
11/30/22,,ؐ쐼S,1329,1986,1077,0.490,0.542,0.052
11/30/22,,\OP,2251,2787,1636,0.518,0.587,0.069
11/30/22,,\OQ,632,811,456,0.499,0.562,0.063
11/30/22,,\OR,1725,2526,1398,0.485,0.553,0.068
11/30/22,,\OS,437,690,425,0.532,0.616,0.084
11/30/22,,\OT,428,643,367,0.528,0.571,0.043
11/30/22,,\O{P,1239,1521,833,0.496,0.548,0.052
11/30/22,,\O{Q,846,1157,655,0.476,0.566,0.091
11/30/22,,\O{R,649,1136,637,0.499,0.561,0.062
11/30/22,,\OP,838,1253,743,0.523,0.593,0.070
11/30/22,,\OQ,796,1316,695,0.464,0.528,0.064
11/30/22,,\OR,285,362,156,0.396,0.431,0.035
11/30/22,,VkP,1424,2005,1115,0.488,0.556,0.068
11/30/22,,VkQ,811,1525,884,0.520,0.580,0.060
11/30/22,,VkR,1701,2466,1369,0.498,0.555,0.057
11/30/22,,˖{P,1052,1810,993,0.463,0.549,0.086
11/30/22,,˖{Q,2519,3909,2201,0.501,0.563,0.063
11/30/22,,˖{R,1110,1834,1040,0.503,0.567,0.064
11/30/22,,˖{S,1167,2008,1097,0.479,0.546,0.067
11/30/22,,˖{T,1000,1844,993,0.462,0.539,0.076
11/30/22,,˖{U,1104,2271,1456,0.581,0.641,0.060
11/30/22,,cP,665,1187,698,0.505,0.588,0.083
11/30/22,,cQ,756,1533,924,0.520,0.603,0.083
11/30/22,,cR,667,1201,709,0.533,0.590,0.057
11/30/22,,ckP,565,1031,583,0.506,0.565,0.060
11/30/22,,ckQ,541,1204,651,0.459,0.541,0.082
11/30/22,,ckR,306,608,358,0.484,0.589,0.105
11/30/22,,P,2144,3727,2071,0.488,0.556,0.067
11/30/22,,Q,613,1154,624,0.482,0.541,0.058
11/30/22,,R,2530,4750,2672,0.497,0.563,0.066
11/30/22,,S,1334,2365,1327,0.488,0.561,0.073
11/30/22,,OÉP,970,2054,1105,0.478,0.538,0.060
11/30/22,,OÉQ,1008,1772,1020,0.493,0.576,0.082
11/30/22,,OÉR,299,561,325,0.510,0.579,0.069
11/30/22,,OÉP,421,795,416,0.461,0.523,0.062
11/30/22,,OÉQ,720,1344,788,0.512,0.586,0.074
11/30/22,,OÉR,261,530,283,0.437,0.534,0.097
11/30/22,,OÉkP,1864,3637,2204,0.529,0.606,0.077
11/30/22,,OÉkQ,936,1763,993,0.497,0.563,0.066
11/30/22,,OÉkR,90,127,79,0.563,0.622,0.059
11/30/22,,쒆P,728,1080,611,0.498,0.566,0.068
11/30/22,,쒆Q,1148,2189,1201,0.473,0.549,0.076
11/30/22,,쒆kP,1173,2272,1199,0.448,0.528,0.079
11/30/22,,쒆kQ,777,1559,874,0.486,0.561,0.075
11/30/22,,VP,1479,3069,1816,0.513,0.592,0.078
11/30/22,,VQ,1267,2253,1328,0.512,0.589,0.077
11/30/22,,VR,1026,2041,1274,0.558,0.624,0.066
11/30/22,,VS,1278,2577,1503,0.519,0.583,0.064
11/30/22,,VT,938,1746,954,0.489,0.546,0.058
11/30/22,,VU,1059,2022,1273,0.562,0.630,0.067
11/30/22,,\P,1425,2994,1774,0.522,0.593,0.070
11/30/22,,\Q,1472,3196,1728,0.478,0.541,0.062
11/30/22,,\R,1384,2931,1625,0.502,0.554,0.052
11/30/22,,OP,1643,2266,1253,0.483,0.553,0.070
11/30/22,,OQ,2816,4523,2675,0.529,0.591,0.063
11/30/22,,OR,2975,5082,3055,0.528,0.601,0.073
11/30/22,,OS,1424,1938,1167,0.541,0.602,0.061
11/30/22,,OT,1488,2004,1133,0.516,0.565,0.049
11/30/22,,OU,2853,4331,2582,0.549,0.596,0.047
11/30/22,,OP,2083,3301,1921,0.514,0.582,0.068
11/30/22,,OQ,728,1370,771,0.483,0.563,0.080
11/30/22,,OR,1008,1577,886,0.492,0.562,0.070
11/30/22,,OS,1350,2621,1531,0.513,0.584,0.071
11/30/22,,O{P,2533,4743,2867,0.540,0.604,0.064
11/30/22,,O{Q,1772,3045,1750,0.503,0.575,0.072
11/30/22,,O{R,1394,2455,1435,0.519,0.585,0.066
11/30/22,,{P,2669,4013,2504,0.553,0.624,0.071
11/30/22,,{Q,2977,5718,3515,0.543,0.615,0.072
11/30/22,,{R,2401,4335,2638,0.530,0.609,0.079
11/30/22,,{P,2849,3846,2280,0.532,0.593,0.061
11/30/22,,{Q,1875,2531,1408,0.493,0.556,0.063
11/30/22,,{R,45,45,37,0.778,0.822,0.044
11/30/22,,{S,844,1260,782,0.561,0.621,0.059
11/30/22,,{T,1597,2547,1574,0.553,0.618,0.065
11/30/22,,䍂P,1330,2566,1423,0.505,0.555,0.049
11/30/22,,䍂Q,1088,1844,928,0.464,0.503,0.039
11/30/22,,䍂R,1891,4095,2142,0.465,0.523,0.058
11/30/22,,䍂S,755,1319,675,0.478,0.512,0.034
11/30/22,,k]P,764,1504,812,0.484,0.540,0.056
11/30/22,,k]Q,779,1371,830,0.526,0.605,0.079
11/30/22,,k]R,628,1063,640,0.527,0.602,0.075
11/30/22,,k]S,800,1462,781,0.488,0.534,0.046
11/30/22,,]P,1919,3772,2197,0.534,0.582,0.049
11/30/22,,]Q,995,1779,928,0.468,0.522,0.053
11/30/22,,]R,1019,1754,970,0.493,0.553,0.060
11/30/22,,P,667,1254,716,0.531,0.571,0.040
11/30/22,,Q,1188,1671,878,0.484,0.525,0.041
11/30/22,,R,540,896,445,0.444,0.497,0.053
11/30/22,,P,1461,2117,1174,0.518,0.555,0.036
11/30/22,,Q,1372,2180,1155,0.481,0.530,0.049
11/30/22,,R,1620,3116,1762,0.518,0.565,0.048
11/30/22,,S,1752,3383,1893,0.511,0.560,0.049
11/30/22,,T,479,945,546,0.548,0.578,0.030
11/30/22,,P,1138,1690,934,0.505,0.553,0.048
11/30/22,,Q,925,1508,819,0.485,0.543,0.058
11/30/22,,R,796,1304,695,0.473,0.533,0.060
11/30/22,,S,794,1276,694,0.487,0.544,0.057
11/30/22,,T,843,1540,896,0.521,0.582,0.060
11/30/22,,P,606,898,493,0.495,0.549,0.054
11/30/22,,Q,117,228,122,0.478,0.535,0.057
11/30/22,,˂P,860,1567,832,0.482,0.531,0.049
11/30/22,,˂Q,1447,2466,1394,0.508,0.565,0.057
11/30/22,,˂R,1163,1998,1099,0.495,0.550,0.056
11/30/22,,˂S,1466,3511,1998,0.497,0.569,0.072
11/30/22,,˂T,1066,2155,1133,0.459,0.526,0.067
11/30/22,,哹P,1454,2793,1510,0.482,0.541,0.059
11/30/22,,哹Q,897,2055,1026,0.435,0.499,0.065
11/30/22,,哹R,614,1118,592,0.465,0.530,0.065
11/30/22,,LP,1079,2114,1200,0.500,0.568,0.068
11/30/22,,LQ,2372,3891,2274,0.524,0.584,0.061
11/30/22,,LR,863,1598,813,0.445,0.509,0.064
11/30/22,,LS,944,1740,875,0.445,0.503,0.058
11/30/22,,LT,1571,3036,1631,0.471,0.537,0.066
11/30/22,,LU,1673,3216,1640,0.453,0.510,0.057
11/30/22,,LV,2300,4181,2304,0.491,0.551,0.060
11/30/22,,LVP,1365,2471,1310,0.473,0.530,0.057
11/30/22,,LVQ,1251,1811,1003,0.493,0.554,0.061
11/30/22,,LVR,1531,2484,1381,0.500,0.556,0.056
11/30/22,,LVS,1762,2906,1638,0.520,0.564,0.044
11/30/22,,LVT,1709,2490,1383,0.497,0.555,0.058
11/30/22,,VP,335,534,268,0.456,0.502,0.046
11/30/22,,VQ,1973,3436,1808,0.477,0.526,0.049
11/30/22,,VR,2141,3641,2093,0.523,0.575,0.052
11/30/22,,VP,514,778,390,0.419,0.501,0.082
11/30/22,,VQ,953,1576,836,0.478,0.530,0.052
11/30/22,,VR,1909,3601,2157,0.541,0.599,0.058
11/30/22,,VS,2327,3650,2048,0.496,0.561,0.065
11/30/22,,VT,1749,3072,1753,0.514,0.571,0.057
11/30/22,,VU,1075,1673,878,0.474,0.525,0.051
11/30/22,,P,1219,2241,1281,0.521,0.572,0.050
11/30/22,,Q,1129,2066,1092,0.480,0.529,0.048
11/30/22,,R,1411,2540,1347,0.463,0.530,0.068
11/30/22,,S,957,1591,840,0.470,0.528,0.058
11/30/22,,T,319,531,290,0.466,0.546,0.080
11/30/22,,U,944,1443,787,0.495,0.545,0.051
11/30/22,,V,1213,1665,923,0.501,0.554,0.053
11/30/22,,WHP,2042,3727,2186,0.529,0.587,0.057
11/30/22,,WHQ,607,947,569,0.529,0.601,0.072
11/30/22,,WHR,715,1096,654,0.541,0.597,0.056
11/30/22,,WHS,829,1265,659,0.470,0.521,0.051
11/30/22,,WHT,511,832,480,0.536,0.577,0.041
11/30/22,,WHP,857,1350,779,0.516,0.577,0.061
11/30/22,,WHQ,972,1525,955,0.570,0.626,0.056
11/30/22,,WHR,1514,2273,1298,0.506,0.571,0.065
11/30/22,,WHS,1216,1778,1006,0.507,0.566,0.059
11/30/22,,WHT,1257,1890,1060,0.503,0.561,0.058
11/30/22,,WHP,1602,2015,1087,0.492,0.539,0.048
11/30/22,,WHQ,693,1133,569,0.457,0.502,0.046
11/30/22,,WHR,1626,2541,1305,0.458,0.514,0.055
11/30/22,,WHS,1073,1549,845,0.485,0.546,0.060
11/30/22,,WHT,964,1666,920,0.465,0.552,0.087
11/30/22,,WHU,585,1067,591,0.488,0.554,0.066
11/30/22,,P,3239,3751,1919,0.465,0.512,0.046
11/30/22,,Q,1860,2336,1163,0.435,0.498,0.063
11/30/22,,R,1005,1262,673,0.474,0.533,0.060
11/30/22,,S,1487,1804,981,0.494,0.544,0.049
11/30/22,,T,1141,1665,865,0.448,0.520,0.072
11/30/22,,U,308,421,216,0.469,0.513,0.044
11/30/22,,ēP,180,211,124,0.578,0.588,0.009
11/30/22,,ēQ,1383,2038,1068,0.463,0.524,0.061
11/30/22,,ēR,497,976,528,0.473,0.541,0.068
11/30/22,,P,1106,1585,919,0.542,0.580,0.038
11/30/22,,Q,1805,2802,1362,0.441,0.486,0.045
11/30/22,,R,1475,2198,1223,0.509,0.556,0.048
11/30/22,,S,979,1767,956,0.488,0.541,0.053
11/30/22,,{P,1156,1860,968,0.482,0.520,0.039
11/30/22,,{Q,1280,2095,1084,0.466,0.517,0.052
11/30/22,,{R,1206,2034,1071,0.471,0.527,0.056
11/30/22,,{S,892,1589,857,0.485,0.539,0.054
11/30/22,,{T,1636,3249,1833,0.518,0.564,0.046
11/30/22,,{P,527,863,430,0.453,0.498,0.045
11/30/22,,{Q,1298,2219,1220,0.507,0.550,0.043
11/30/22,,{R,1149,2093,1133,0.473,0.541,0.069
11/30/22,,P,585,1174,663,0.506,0.565,0.058
11/30/22,,Q,702,1301,640,0.438,0.492,0.054
11/30/22,,R,885,1803,966,0.465,0.536,0.071
11/30/22,,_HP,939,1520,826,0.485,0.543,0.058
11/30/22,,_HQ,364,925,521,0.472,0.563,0.092
11/30/22,,_HR,795,1548,805,0.470,0.520,0.050
11/30/22,,_HS,982,1673,957,0.537,0.572,0.035
11/30/22,,[]kP,1467,2649,1373,0.465,0.518,0.054
11/30/22,,[]kQ,766,1270,654,0.476,0.515,0.039
11/30/22,,[]kR,882,1358,620,0.414,0.457,0.042
11/30/22,,[]P,1167,2090,1079,0.478,0.516,0.038
11/30/22,,[]Q,941,1777,835,0.442,0.470,0.028
11/30/22,,[]R,969,1768,839,0.434,0.475,0.040
11/30/22,,卡P,1780,3289,1748,0.484,0.531,0.047
11/30/22,,卡Q,1008,1848,953,0.463,0.516,0.053
11/30/22,,卡R,948,1519,750,0.450,0.494,0.043
11/30/22,,卡S,1063,1856,938,0.461,0.505,0.044
11/30/22,,卡T,660,1111,580,0.468,0.522,0.054
11/30/22,,卡U,914,1618,831,0.466,0.514,0.048
11/30/22,,卡P,1690,3167,1683,0.493,0.531,0.038
11/30/22,,卡Q,1460,2912,1560,0.477,0.536,0.059
11/30/22,,卡R,1236,2059,1162,0.510,0.564,0.054
11/30/22,,卡S,953,1822,965,0.480,0.530,0.050
11/30/22,,卡P,1591,2523,1332,0.481,0.528,0.047
11/30/22,,卡Q,758,1187,659,0.506,0.555,0.049
11/30/22,,卡R,1676,2510,1344,0.478,0.535,0.058
11/30/22,,ʒÂP,1075,1806,993,0.494,0.550,0.056
11/30/22,,ʒÂQ,1755,3264,1693,0.463,0.519,0.056
11/30/22,,ʒÂR,827,1348,659,0.430,0.489,0.059
11/30/22,,P,1708,2464,1417,0.525,0.575,0.050
11/30/22,,Q,1113,1783,925,0.475,0.519,0.044
11/30/22,,R,1086,1672,852,0.458,0.510,0.052
11/30/22,,ߋP,897,1110,564,0.450,0.508,0.058
11/30/22,,ߋQ,891,1258,618,0.417,0.491,0.074
11/30/22,,ߋR,665,1085,568,0.440,0.524,0.083
11/30/22,,ߋS,653,1143,580,0.422,0.507,0.086
11/30/22,,ߋT,770,1336,690,0.439,0.516,0.077
11/30/22,,JP,687,1220,647,0.463,0.530,0.067
11/30/22,,JQ,1568,2601,1413,0.467,0.543,0.076
11/30/22,,JR,986,1612,730,0.398,0.453,0.055
11/30/22,,JS,1040,1717,873,0.421,0.508,0.087
11/30/22,,JT,568,995,469,0.401,0.471,0.070
11/30/22,,RkP,931,1776,1016,0.500,0.572,0.072
11/30/22,,RkQ,904,1548,807,0.432,0.521,0.089
11/30/22,,RkR,695,1211,668,0.467,0.552,0.085
11/30/22,,RkS,666,1223,619,0.416,0.506,0.090
11/30/22,,RkT,1045,1768,816,0.381,0.462,0.080
11/30/22,,RP,881,1541,876,0.505,0.568,0.064
11/30/22,,RQ,288,513,252,0.413,0.491,0.078
11/30/22,,RR,528,972,511,0.452,0.526,0.074
11/30/22,,RS,542,933,440,0.381,0.472,0.090
11/30/22,,쐼P,1011,1716,852,0.438,0.497,0.059
11/30/22,,쐼Q,317,546,311,0.486,0.570,0.083
11/30/22,,쐼R,633,1086,614,0.465,0.565,0.100
11/30/22,,쐼S,1046,1820,951,0.443,0.523,0.080
11/30/22,,쓌P,742,1233,628,0.442,0.509,0.067
11/30/22,,쓌Q,554,974,510,0.442,0.524,0.082
11/30/22,,쓌R,978,1783,906,0.410,0.508,0.098
11/30/22,,쓌S,623,1046,559,0.457,0.534,0.077
11/30/22,,ɗP,553,1117,532,0.390,0.476,0.087
11/30/22,,ɗQ,831,1500,789,0.424,0.526,0.102
11/30/22,,ɗR,603,1156,602,0.445,0.521,0.076
11/30/22,,юP,395,541,287,0.461,0.530,0.070
11/30/22,,юQ,1132,1909,948,0.420,0.497,0.077
11/30/22,,юR,546,967,513,0.453,0.531,0.077
11/30/22,,юS,806,1398,724,0.440,0.518,0.078
11/30/22,,юT,574,1056,510,0.421,0.483,0.062
11/30/22,,юU,472,788,414,0.460,0.525,0.065
11/30/22,,쐼P,1103,1777,830,0.391,0.467,0.076
11/30/22,,쐼Q,809,1441,673,0.398,0.467,0.069
11/30/22,,쐼R,274,464,211,0.390,0.455,0.065
11/30/22,,P,696,866,408,0.362,0.471,0.109
11/30/22,,Q,756,1520,703,0.389,0.463,0.074
11/30/22,,R,433,768,366,0.399,0.477,0.077
11/30/22,,S,661,1220,583,0.396,0.478,0.082
11/30/22,,T,280,505,238,0.376,0.471,0.095
11/30/22,,U,464,756,389,0.450,0.515,0.065
11/30/22,,쓌P,500,898,389,0.385,0.433,0.048
11/30/22,,쓌Q,834,1427,721,0.437,0.505,0.068
11/30/22,,VP,1330,1829,936,0.416,0.512,0.096
11/30/22,,VQ,1016,1318,685,0.458,0.520,0.062
11/30/22,,VR,2428,2975,1510,0.417,0.508,0.091
11/30/22,,VS,1046,1346,668,0.416,0.496,0.081
11/30/22,,VT,1245,1603,780,0.394,0.487,0.093
11/30/22,,VU,709,1167,566,0.405,0.485,0.080
11/30/22,,VV,682,1191,543,0.385,0.456,0.071
11/30/22,,HP,1017,1795,953,0.446,0.531,0.085
11/30/22,,HQ,1339,2184,1081,0.412,0.495,0.083
11/30/22,,HR,753,1290,593,0.379,0.460,0.081
11/30/22,,HP,892,1591,807,0.417,0.507,0.090
11/30/22,,HQ,1172,2000,1026,0.441,0.513,0.072
11/30/22,,HR,750,1437,747,0.455,0.520,0.065
11/30/22,,HS,749,1410,705,0.436,0.500,0.064
11/30/22,,HT,545,1012,506,0.442,0.500,0.058
11/30/22,,HU,551,965,462,0.417,0.479,0.062
11/30/22,,cP,892,1536,773,0.417,0.503,0.087
11/30/22,,cQ,756,1377,668,0.404,0.485,0.082
11/30/22,,cR,419,769,380,0.411,0.494,0.084
11/30/22,,cS,822,1545,740,0.397,0.479,0.082
11/30/22,,cT,918,1722,809,0.394,0.470,0.076
11/30/22,,cU,579,1013,526,0.461,0.519,0.058
11/30/22,,FkP,1330,2388,1094,0.377,0.458,0.081
11/30/22,,FkQ,1086,1930,930,0.401,0.482,0.081
11/30/22,,FkR,1198,1964,1057,0.451,0.538,0.087
11/30/22,,FkS,719,1334,643,0.403,0.482,0.079
11/30/22,,FP,463,851,429,0.428,0.504,0.076
11/30/22,,FQ,528,974,447,0.376,0.459,0.083
11/30/22,,FR,816,1446,691,0.403,0.478,0.075
11/30/22,,FS,769,1410,612,0.362,0.434,0.072
11/30/22,,FP,1208,1944,1042,0.459,0.536,0.077
11/30/22,,FQ,1232,2349,1091,0.396,0.464,0.068
11/30/22,,FR,977,1902,888,0.392,0.467,0.075
11/30/22,,FS,868,1556,815,0.441,0.524,0.083
11/30/22,,FP,672,1258,685,0.468,0.545,0.076
11/30/22,,FQ,1604,2850,1423,0.426,0.499,0.074
11/30/22,,FR,732,1608,770,0.399,0.479,0.080
11/30/22,,FS,775,1736,830,0.409,0.478,0.069
11/30/22,,FP,820,1634,854,0.438,0.523,0.085
11/30/22,,FQ,574,1004,443,0.353,0.441,0.088
11/30/22,,FR,1514,2574,1282,0.413,0.498,0.085
11/30/22,,FS,228,474,231,0.385,0.487,0.102
11/30/22,,FT,1114,2000,985,0.407,0.493,0.086
11/30/22,,aP,610,1433,835,0.512,0.583,0.070
11/30/22,,aQ,1825,3623,2182,0.528,0.602,0.075
11/30/22,,aR,1276,2495,1371,0.470,0.549,0.080
11/30/22,,aS,1399,2539,1415,0.499,0.557,0.058
11/30/22,,aT,1311,2161,1301,0.534,0.602,0.069
11/30/22,,aU,2077,3932,2208,0.488,0.562,0.074
11/30/22,,aV,1171,1933,1145,0.546,0.592,0.047
11/30/22,,ԐP,530,824,463,0.504,0.562,0.058
11/30/22,,ԐQ,1405,2301,1220,0.459,0.530,0.071
11/30/22,,ԐR,690,1170,621,0.484,0.531,0.046
11/30/22,,ԐS,1136,2193,1156,0.466,0.527,0.061
11/30/22,,]P,661,1140,624,0.499,0.547,0.048
11/30/22,,]Q,659,1200,613,0.465,0.511,0.046
11/30/22,,]R,1006,1653,852,0.456,0.515,0.059
11/30/22,,{P,674,1128,631,0.489,0.559,0.070
11/30/22,,{Q,1193,2195,1180,0.475,0.538,0.063
11/30/22,,{R,992,1805,949,0.475,0.526,0.050
11/30/22,,{S,950,1595,874,0.498,0.548,0.050
11/30/22,,{T,951,1666,897,0.483,0.538,0.055
11/30/22,,{P,1103,1680,945,0.507,0.563,0.055
11/30/22,,{Q,1205,2145,1161,0.492,0.541,0.049
11/30/22,,{R,1074,1908,1103,0.514,0.578,0.064
11/30/22,,{S,1824,3135,1739,0.500,0.555,0.055
11/30/22,,{T,1201,1991,1181,0.521,0.593,0.072
11/30/22,,XHP,1023,1903,1099,0.521,0.578,0.057
11/30/22,,XHQ,845,1514,886,0.535,0.585,0.050
11/30/22,,тP,463,750,442,0.537,0.589,0.052
11/30/22,,тQ,760,1363,833,0.532,0.611,0.079
11/30/22,,sP,1342,2193,1266,0.521,0.577,0.056
11/30/22,,sQ,1384,2417,1421,0.519,0.588,0.069
11/30/22,,qP,1393,2657,1602,0.544,0.603,0.059
11/30/22,,qQ,477,946,511,0.495,0.540,0.045
11/30/22,,qR,1713,3565,2112,0.549,0.592,0.044
11/30/22,,VXP,1908,3583,2087,0.517,0.582,0.066
11/30/22,,VXQ,1191,2126,1151,0.470,0.541,0.072
11/30/22,,VXR,588,1083,580,0.459,0.536,0.076
11/30/22,,VXS,1299,2593,1464,0.506,0.565,0.059
11/30/22,,VXT,812,1560,912,0.519,0.585,0.065
11/30/22,,VXU,684,1426,782,0.498,0.548,0.050
11/30/22,,VXV,1111,2340,1245,0.468,0.532,0.064
11/30/22,,P,827,1582,914,0.515,0.578,0.063
11/30/22,,Q,1029,2027,1085,0.480,0.535,0.055
11/30/22,,R,1417,2434,1277,0.468,0.525,0.056
11/30/22,,S,1116,1979,1080,0.481,0.546,0.065
11/30/22,,T,865,1573,853,0.477,0.542,0.065
11/30/22,铌,P,1162,2201,1300,0.521,0.591,0.069
11/30/22,铌,Q,1249,2587,1470,0.507,0.568,0.061
11/30/22,铌,R,800,1437,798,0.487,0.555,0.068
11/30/22,铌,S,608,979,562,0.501,0.574,0.073
11/30/22,铌,T,920,1635,918,0.488,0.561,0.073
11/30/22,铌,U,1549,4464,2655,0.526,0.595,0.069
11/30/22,铌,P,1784,3694,2273,0.545,0.615,0.071
11/30/22,铌,Q,1361,2772,1502,0.475,0.542,0.066
11/30/22,铌,R,1567,2994,1714,0.502,0.572,0.071
11/30/22,铌,P,277,472,280,0.525,0.593,0.069
11/30/22,铌,Q,891,1718,927,0.467,0.540,0.073
11/30/22,铌,R,135,209,93,0.413,0.445,0.032
11/30/22,铌,S,2031,3506,1959,0.492,0.559,0.066
11/30/22,铌,P,809,1112,639,0.506,0.575,0.069
11/30/22,铌,Q,1070,1510,889,0.521,0.589,0.068
11/30/22,铌,R,739,1228,651,0.460,0.530,0.070
11/30/22,铌,S,874,1595,928,0.495,0.582,0.087
11/30/22,铌,V쑽P,1553,2652,1611,0.552,0.607,0.056
11/30/22,铌,V쑽Q,458,815,458,0.506,0.562,0.056
11/30/22,铌,V쑽P,1276,2630,1539,0.518,0.585,0.067
11/30/22,铌,V쑽Q,1412,3157,1917,0.530,0.607,0.077
11/30/22,铌,쐼P,1239,2317,1373,0.539,0.593,0.054
11/30/22,铌,쐼Q,2044,3608,2216,0.551,0.614,0.063
11/30/22,铌,쐼R,1074,2152,1247,0.505,0.579,0.075
11/30/22,铌,쐼S,879,1977,1246,0.565,0.630,0.065
11/30/22,铌,쐼T,2381,4571,2736,0.521,0.599,0.078
11/30/22,铌,쓌P,542,1022,660,0.577,0.646,0.069
11/30/22,铌,쓌Q,883,1593,912,0.506,0.573,0.067
11/30/22,铌,쓌R,1015,1952,1151,0.514,0.590,0.075
11/30/22,铌,zKP,919,1706,973,0.491,0.570,0.079
11/30/22,铌,zKQ,971,1809,942,0.450,0.521,0.071
11/30/22,铌,zKR,952,1937,1041,0.458,0.537,0.080
11/30/22,铌,zKS,1877,3168,1770,0.479,0.559,0.080
11/30/22,铌,P,393,642,375,0.494,0.584,0.090
11/30/22,铌,Q,1608,2588,1552,0.518,0.600,0.082
11/30/22,铌,R,884,1592,844,0.463,0.530,0.067
11/30/22,铌,S,1603,2785,1638,0.513,0.588,0.075
11/30/22,铌,T,899,1510,849,0.498,0.562,0.065
11/30/22,铌,֖ڂP,1709,3418,2068,0.529,0.605,0.076
11/30/22,铌,֖ڂQ,2172,4518,2764,0.527,0.612,0.085
11/30/22,铌,֖ڂR,1404,2647,1566,0.513,0.592,0.079
11/30/22,铌,֖ڂS,1502,2985,1797,0.522,0.602,0.080
11/30/22,铌,֖ڂT,1643,2738,1559,0.504,0.569,0.066
11/30/22,铌,֖ڂU,2014,4051,2505,0.543,0.618,0.075
11/30/22,铌,P,1528,2722,1557,0.506,0.572,0.066
11/30/22,铌,Q,2554,5590,3316,0.530,0.593,0.063
11/30/22,铌,R,1329,2269,1388,0.521,0.612,0.091
11/30/22,铌,Vc,1052,2094,1138,0.458,0.543,0.085
11/30/22,铌,lP,749,1458,780,0.476,0.535,0.059
11/30/22,铌,lQ,619,1296,756,0.505,0.583,0.079
11/30/22,铌,lR,881,1730,1030,0.522,0.595,0.073
11/30/22,铌,icP,326,745,406,0.445,0.545,0.100
11/30/22,铌,icQ,874,1918,1100,0.478,0.574,0.096
11/30/22,铌,icR,1164,2338,1406,0.528,0.601,0.074
11/30/22,铌,icS,785,1370,803,0.501,0.586,0.085
11/30/22,铌,]P,1910,3430,2054,0.532,0.599,0.067
11/30/22,铌,]Q,2060,3364,1873,0.502,0.557,0.055
11/30/22,铌,]R,1955,3434,1986,0.513,0.578,0.066
11/30/22,铌,]S,526,1042,595,0.498,0.571,0.073
11/30/22,铌,oP,845,1915,1048,0.474,0.547,0.073
11/30/22,铌,oQ,884,1989,1106,0.488,0.556,0.068
11/30/22,铌,oR,1184,2247,1224,0.469,0.545,0.076
11/30/22,铌,lP,522,901,494,0.488,0.548,0.061
11/30/22,铌,lQ,975,1841,1101,0.516,0.598,0.082
11/30/22,铌,lR,875,1613,887,0.477,0.550,0.073
11/30/22,铌,lS,289,671,365,0.469,0.544,0.075
11/30/22,铌,lT,432,919,485,0.456,0.528,0.072
11/30/22,铌,lU,832,1552,876,0.487,0.564,0.078
11/30/22,铌,lV,118,329,173,0.448,0.526,0.077
11/30/22,铌,lW,793,1993,1070,0.444,0.537,0.093
11/30/22,铌,lX,828,1605,982,0.531,0.612,0.081
11/30/22,铌,ÎsP,1279,2325,1275,0.485,0.548,0.063
11/30/22,铌,ÎsQ,1857,3784,2206,0.496,0.583,0.087
11/30/22,铌,ÎsR,2503,5234,2988,0.494,0.571,0.077
11/30/22,铌,XV{P,867,1256,776,0.564,0.618,0.054
11/30/22,铌,XV{Q,2669,4320,2755,0.563,0.638,0.075
11/30/22,ߌ,oP,1027,2053,1042,0.466,0.508,0.041
11/30/22,ߌ,oQ,1454,2855,1539,0.485,0.539,0.054
11/30/22,ߌ,oR,3014,5853,3188,0.499,0.545,0.046
11/30/22,ߌ,ÓP,934,1679,857,0.467,0.510,0.043
11/30/22,ߌ,ÓQ,769,1559,821,0.472,0.527,0.055
11/30/22,ߌ,ÓR,555,1067,571,0.477,0.535,0.058
11/30/22,ߌ,ÓS,482,993,503,0.465,0.507,0.041
11/30/22,ߌ,ÒP,1034,1956,1018,0.482,0.520,0.039
11/30/22,ߌ,ÒQ,241,567,333,0.517,0.587,0.070
11/30/22,ߌ,ÒR,1129,2255,1160,0.475,0.514,0.040
11/30/22,ߌ,ÒS,545,1043,544,0.457,0.522,0.065
11/30/22,ߌ,ÒT,369,700,372,0.494,0.531,0.037
11/30/22,ߌ,ÖkP,678,1678,920,0.493,0.548,0.055
11/30/22,ߌ,ÖkQ,636,1509,788,0.473,0.522,0.050
11/30/22,ߌ,ÖkR,210,465,230,0.430,0.495,0.064
11/30/22,ߌ,ÖkS,622,1312,700,0.478,0.534,0.056
11/30/22,ߌ,ÖkT,726,1580,821,0.466,0.520,0.053
11/30/22,ߌ,ߌP,1593,4297,2441,0.510,0.568,0.058
11/30/22,ߌ,ߌQ,1264,2339,1295,0.503,0.554,0.050
11/30/22,ߌ,ߌR,1699,3563,1963,0.504,0.551,0.047
11/30/22,ߌ,ߌS,1509,3115,1687,0.492,0.542,0.050
11/30/22,ߌ,ߌT,1390,2711,1560,0.505,0.575,0.070
11/30/22,ߌ,ߌU,668,1778,1022,0.501,0.575,0.074
11/30/22,ߌ,΂P,1248,2440,1338,0.489,0.548,0.059
11/30/22,ߌ,΂Q,734,2000,1155,0.509,0.578,0.068
11/30/22,ߌ,΂R,709,1609,845,0.463,0.525,0.062
11/30/22,ߌ,΂S,224,469,212,0.380,0.452,0.072
11/30/22,ߌ,P,1282,2600,1379,0.486,0.530,0.044
11/30/22,ߌ,Q,2143,5146,2947,0.513,0.573,0.060
11/30/22,ߌ,R,1352,2797,1453,0.467,0.519,0.053
11/30/22,ߌ,S,1809,3953,2279,0.519,0.577,0.058
11/30/22,ߌ,T,1173,2382,1383,0.530,0.581,0.051
11/30/22,ߌ,P,1529,3005,1558,0.456,0.518,0.063
11/30/22,ߌ,Q,1344,2918,1508,0.470,0.517,0.047
11/30/22,ߌ,R,1070,2162,1268,0.521,0.586,0.065
11/30/22,ߌ,S,1021,2162,1184,0.494,0.548,0.053
11/30/22,ߌ,T,355,758,399,0.470,0.526,0.057
11/30/22,ߌ,U,1871,4179,2458,0.532,0.588,0.056
11/30/22,ߌ,P,557,1412,719,0.444,0.509,0.065
11/30/22,ߌ,Q,309,605,331,0.499,0.547,0.048
11/30/22,ߌ,P,741,1553,758,0.427,0.488,0.061
11/30/22,ߌ,Q,126,351,183,0.437,0.521,0.084
11/30/22,ߌ,cP,568,1171,618,0.470,0.528,0.058
11/30/22,ߌ,cQ,286,507,234,0.419,0.462,0.043
11/30/22,ߌ,cR,571,1153,625,0.482,0.542,0.060
11/30/22,ߌ,cS,426,946,472,0.439,0.499,0.060
11/30/22,ߌ,lP,0,0,0,,,
11/30/22,ߌ,lQ,1183,3060,1765,0.535,0.577,0.042
11/30/22,ߌ,lR,960,2184,1113,0.458,0.510,0.052
11/30/22,ߌ,lS,774,1864,992,0.475,0.532,0.057
11/30/22,ߌ,lT,370,784,440,0.512,0.561,0.050
11/30/22,ߌ,c{P,843,2106,1105,0.489,0.525,0.036
11/30/22,ߌ,c{Q,514,895,431,0.451,0.482,0.031
11/30/22,ߌ,c{R,902,1794,973,0.493,0.542,0.050
11/30/22,ߌ,c{S,1863,3482,1791,0.462,0.514,0.052
11/30/22,ߌ,ĖP,812,1719,1076,0.559,0.626,0.067
11/30/22,ߌ,ĖQ,458,1017,533,0.475,0.524,0.049
11/30/22,ߌ,ĖR,29,49,28,0.531,0.571,0.041
11/30/22,ߌ,Βn,0,0,0,,,
11/30/22,{,{؂P,466,870,542,0.553,0.623,0.070
11/30/22,{,{؂Q,449,1026,613,0.542,0.597,0.056
11/30/22,{,{؂R,1266,2301,1498,0.596,0.651,0.055
11/30/22,{,{؂S,1000,1787,1057,0.534,0.591,0.057
11/30/22,{,{؂T,937,1561,951,0.561,0.609,0.048
11/30/22,{,{쌳,1194,2480,1480,0.544,0.597,0.053
11/30/22,{,P,506,767,443,0.532,0.578,0.045
11/30/22,{,Q,572,1127,708,0.565,0.628,0.063
11/30/22,{,R,973,1928,1230,0.560,0.638,0.078
11/30/22,{,ʂP,723,1635,893,0.502,0.546,0.045
11/30/22,{,ʂQ,668,1490,797,0.475,0.535,0.060
11/30/22,{,qP,808,1436,799,0.513,0.556,0.043
11/30/22,{,qQ,654,1252,748,0.550,0.597,0.047
11/30/22,{,qR,646,1249,724,0.509,0.580,0.070
11/30/22,{,qS,900,2055,1189,0.505,0.579,0.073
11/30/22,{,kP,1013,2327,1335,0.522,0.574,0.052
11/30/22,{,kQ,380,950,515,0.501,0.542,0.042
11/30/22,{,kR,1006,2173,1126,0.471,0.518,0.048
11/30/22,{,ʂP,470,934,530,0.514,0.567,0.054
11/30/22,{,ʂQ,351,785,435,0.492,0.554,0.062
11/30/22,{,OP,755,1589,855,0.475,0.538,0.063
11/30/22,{,OQ,717,1533,869,0.517,0.567,0.050
11/30/22,{,aP,1465,2352,1361,0.521,0.579,0.058
11/30/22,{,aQ,1147,2103,1202,0.519,0.572,0.053
11/30/22,{,aR,587,1101,651,0.527,0.591,0.065
11/30/22,{,aS,659,1341,735,0.491,0.548,0.057
11/30/22,{,aT,526,974,547,0.512,0.562,0.049
11/30/22,{,,858,1982,1134,0.530,0.572,0.042
11/30/22,{,ˎR,1199,2538,1381,0.495,0.544,0.049
11/30/22,{,VkP,655,1105,614,0.514,0.556,0.042
11/30/22,{,VkQ,1310,2307,1203,0.483,0.521,0.038
11/30/22,{,VkR,1723,3259,1840,0.509,0.565,0.056
11/30/22,{,VP,92,181,84,0.446,0.464,0.018
11/30/22,{,VQ,849,1255,636,0.458,0.507,0.049
11/30/22,{,VR,1241,2323,1305,0.510,0.562,0.051
11/30/22,{,r,623,1179,635,0.479,0.539,0.059
11/30/22,{,cӒP,822,1448,823,0.511,0.568,0.057
11/30/22,{,cӒQ,996,1621,919,0.512,0.567,0.055
11/30/22,{,{,650,1578,848,0.487,0.537,0.051
11/30/22,{,dP,1287,2641,1478,0.515,0.560,0.045
11/30/22,{,dQ,440,1048,587,0.511,0.560,0.049
11/30/22,{,dR,987,2127,1220,0.520,0.574,0.054
11/30/22,{,쒬P,2937,5677,3234,0.508,0.570,0.062
11/30/22,{,쒬Q,1586,2860,1643,0.528,0.574,0.046
11/30/22,{,쒬R,1993,4039,2261,0.512,0.560,0.047
11/30/22,{,쒬S,928,1904,1091,0.489,0.573,0.084
11/30/22,{,쒬T,1204,2220,1242,0.502,0.559,0.058
11/30/22,{,쒬U,696,1497,849,0.512,0.567,0.056
11/30/22,{,쒬V,651,1342,812,0.558,0.605,0.047
11/30/22,{,,249,536,316,0.520,0.590,0.070
11/30/22,{,͉P,500,807,472,0.515,0.585,0.070
11/30/22,{,͉Q,924,1774,1004,0.497,0.566,0.069
11/30/22,{,͉R,403,910,535,0.493,0.588,0.095
11/30/22,{,̗P,415,917,482,0.466,0.526,0.059
11/30/22,{,̗Q,593,1121,663,0.551,0.591,0.040
11/30/22,{,̗R,456,1047,566,0.489,0.541,0.051
11/30/22,{,̗S,810,1637,925,0.509,0.565,0.056
11/30/22,{,蒬P,110,159,90,0.528,0.566,0.038
11/30/22,{,蒬Q,2064,3966,2458,0.547,0.620,0.072
11/30/22,{,蒬R,1662,3370,1840,0.491,0.546,0.055
11/30/22,{,蒬S,726,1524,831,0.495,0.545,0.050
11/30/22,{,ʂP,406,794,457,0.512,0.576,0.063
11/30/22,{,ʂQ,563,1250,727,0.521,0.582,0.060
11/30/22,{,ʂR,243,459,241,0.478,0.525,0.047
11/30/22,{,ێRʂP,616,1072,617,0.518,0.576,0.057
11/30/22,{,ێRʂQ,490,995,606,0.558,0.609,0.051
11/30/22,{,PrP,514,1019,567,0.501,0.556,0.055
11/30/22,{,PrQ,496,910,452,0.472,0.497,0.024
11/30/22,ZV],P,714,1208,656,0.447,0.543,0.096
11/30/22,ZV],Q,622,1048,538,0.460,0.513,0.053
11/30/22,ZV],R,436,743,408,0.474,0.549,0.075
11/30/22,ZV],S,654,1183,581,0.423,0.491,0.068
11/30/22,ZV],P,218,306,174,0.472,0.569,0.097
11/30/22,ZV],Q,2,2,0,,,
11/30/22,ZV],kꉮP,1218,1980,1091,0.485,0.551,0.066
11/30/22,ZV],kꉮQ,514,898,469,0.440,0.522,0.082
11/30/22,ZV],kꉮR,173,226,129,0.473,0.571,0.098
11/30/22,ZV],kꉮS,2,2,0,,,
11/30/22,ZV],kꉮT,1363,2543,1343,0.449,0.528,0.079
11/30/22,ZV],kP,904,1520,907,0.504,0.597,0.093
11/30/22,ZV],kQ,782,1623,932,0.479,0.574,0.096
11/30/22,ZV],kR,832,1618,877,0.446,0.542,0.096
11/30/22,ZV],lP,1417,2758,1642,0.516,0.595,0.080
11/30/22,ZV],lQ,896,1480,807,0.480,0.545,0.065
11/30/22,ZV],lR,949,1830,1038,0.497,0.567,0.070
11/30/22,ZV],lP,1017,1833,1040,0.495,0.567,0.073
11/30/22,ZV],lQ,811,1677,1032,0.533,0.615,0.083
11/30/22,ZV],lR,1709,2685,1557,0.498,0.580,0.082
11/30/22,ZV],ĒJP,0,0,0,,,
11/30/22,ZV],ĒJQ,693,1460,811,0.449,0.555,0.106
11/30/22,ZV],VkP,534,1034,618,0.532,0.598,0.065
11/30/22,ZV],VkQ,788,1410,764,0.437,0.542,0.105
11/30/22,ZV],VkR,1539,3119,1851,0.512,0.593,0.081
11/30/22,ZV],VkS,1335,2292,1402,0.541,0.612,0.071
11/30/22,ZV],VkT,516,1074,551,0.448,0.513,0.065
11/30/22,ZV],VkU,199,502,280,0.471,0.558,0.087
11/30/22,ZV],VkV,740,1451,758,0.436,0.522,0.087
11/30/22,ZV],VkW,375,740,420,0.496,0.568,0.072
11/30/22,ZV],ZV]P,301,574,315,0.481,0.549,0.068
11/30/22,ZV],ZV]Q,480,833,454,0.464,0.545,0.081
11/30/22,ZV],ZV]R,504,910,462,0.435,0.508,0.073
11/30/22,ZV],ꉮP,1138,2133,1137,0.454,0.533,0.079
11/30/22,ZV],ꉮQ,762,1294,810,0.522,0.626,0.104
11/30/22,ZV],ꉮR,1085,1910,1058,0.459,0.554,0.095
11/30/22,ZV],ꉮS,358,521,319,0.470,0.612,0.142
11/30/22,ZV],ꉮP,599,1322,791,0.511,0.598,0.087
11/30/22,ZV],ꉮQ,451,846,478,0.496,0.565,0.069
11/30/22,ZV],ꉮR,1151,2273,1295,0.489,0.570,0.081
11/30/22,ZV],ꉮS,832,1468,851,0.486,0.580,0.094
11/30/22,ZV],ZV]P,807,1454,916,0.572,0.630,0.058
11/30/22,ZV],ZV]Q,726,1380,788,0.486,0.571,0.085
11/30/22,ZV],ZV]R,734,1237,663,0.443,0.536,0.093
11/30/22,ZV],ZV]S,286,557,347,0.518,0.623,0.105
11/30/22,ZV],lP,20,40,23,0.525,0.575,0.050
11/30/22,ZV],lQ,744,1348,717,0.435,0.532,0.097
11/30/22,ZV],lR,624,1196,687,0.497,0.574,0.077
11/30/22,ZV],lP,980,1830,1011,0.492,0.552,0.060
11/30/22,ZV],lQ,791,1452,770,0.465,0.530,0.065
11/30/22,ZV],lR,434,807,483,0.550,0.599,0.048
11/30/22,ZV],ꉮP,1642,3020,1752,0.498,0.580,0.082
11/30/22,ZV],ꉮQ,636,1168,688,0.501,0.589,0.088
11/30/22,ZV],ꉮR,739,1450,835,0.489,0.576,0.087
11/30/22,ZV],ꉮS,468,793,454,0.501,0.573,0.071
11/30/22,ZV],іkP,3,6,3,,,
11/30/22,ZV],іkQ,46,63,20,0.279,0.317,0.038
11/30/22,ZV],ѓP,24,32,22,0.636,0.688,0.051
11/30/22,ZV],ѓQ,1318,2575,1534,0.506,0.596,0.090
11/30/22,ZV],P,1185,1852,1089,0.503,0.588,0.085
11/30/22,ZV],Q,937,1818,1043,0.491,0.574,0.083
11/30/22,ZV],R,473,861,490,0.504,0.569,0.065
11/30/22,ZV],S,885,1675,940,0.470,0.561,0.091
11/30/22,ZV],T,993,1844,1120,0.524,0.607,0.084
11/30/22,ZV],U,1177,2163,1288,0.504,0.595,0.092
11/30/22,ZV],V,834,1571,915,0.490,0.582,0.092
11/30/22,ZV],W,365,752,371,0.412,0.493,0.081
11/30/22,ZV],Ζ؂P,589,1083,695,0.548,0.642,0.094
11/30/22,ZV],Ζ؂Q,206,349,185,0.469,0.530,0.061
11/30/22,ZV],ꉮP,8,16,7,0.375,0.438,0.063
11/30/22,ZV],ꉮQ,525,1061,613,0.475,0.578,0.103
11/30/22,ZV],ꉮR,421,598,286,0.428,0.478,0.051
11/30/22,ZV],ꉮS,1118,2275,1228,0.461,0.540,0.078
11/30/22,ZV],`P,1880,2662,1555,0.493,0.584,0.091
11/30/22,ZV],`Q,0,0,0,,,
11/30/22,ZV],`R,10,11,1,0.111,0.091,-0.020
11/30/22,ZV],`S,10,10,6,0.600,0.600,0.000
11/30/22,ZV],`T,0,0,0,,,
11/30/22,ZV],`U,0,0,0,,,
11/30/22,ZV],`V,0,0,0,,,
11/30/22,ZV],`W,0,0,0,,,
11/30/22,ZV],`X,0,0,0,,,
11/30/22,ZV],`kP,1745,3949,2432,0.538,0.616,0.078
11/30/22,ZV],`kQ,57,57,10,0.189,0.175,-0.013
11/30/22,ZV],`kR,0,0,0,,,
11/30/22,ZV],`P,0,0,0,,,
11/30/22,ZV],`Q,2231,3724,2179,0.483,0.585,0.102
11/30/22,ZV],`R,2613,5239,3425,0.550,0.654,0.104
11/30/22,ZV],`S,2691,4984,3113,0.519,0.625,0.106
11/30/22,ZV],`T,2387,4750,3072,0.555,0.647,0.092
11/30/22,ZV],`U,0,0,0,,,
11/30/22,ZV],`V,0,0,0,,,
11/30/22,ZV],`W,0,0,0,,,
11/30/22,ZV],`P,0,0,0,,,
11/30/22,ZV],`Q,0,0,0,,,
11/30/22,ZV],`R,0,0,0,,,
11/30/22,ZV],`S,1,1,0,,,
11/30/22,ZV],`T,0,0,0,,,
11/30/22,ZV],`U,0,0,0,,,
11/30/22,ZV],`V,0,0,0,,,
11/30/22,Zg,̂P,151,306,204,0.625,0.667,0.041
11/30/22,Zg,̂Q,543,1103,581,0.462,0.527,0.064
11/30/22,Zg,̂R,311,677,371,0.495,0.548,0.053
11/30/22,Zg,̂S,757,1503,777,0.437,0.517,0.080
11/30/22,Zg,̂T,1023,2073,1145,0.504,0.552,0.048
11/30/22,Zg,㓌P,488,949,505,0.468,0.532,0.065
11/30/22,Zg,㓌Q,338,692,374,0.458,0.540,0.083
11/30/22,Zg,㓌R,154,306,182,0.542,0.595,0.053
11/30/22,Zg,㓌S,296,664,372,0.510,0.560,0.050
11/30/22,Zg,Q,585,1161,663,0.505,0.571,0.066
11/30/22,Zg,R,400,678,362,0.483,0.534,0.051
11/30/22,Zg,S,498,1010,518,0.445,0.513,0.068
11/30/22,Zg,T,561,1089,596,0.477,0.547,0.070
11/30/22,Zg,U,900,1693,912,0.466,0.539,0.072
11/30/22,Zg,ˎRP,297,626,320,0.491,0.511,0.020
11/30/22,Zg,ˎRQ,270,384,172,0.414,0.448,0.034
11/30/22,Zg,ˎRR,252,514,270,0.453,0.525,0.072
11/30/22,Zg,ˎRS,282,603,379,0.571,0.629,0.058
11/30/22,Zg,ˎRT,429,705,341,0.422,0.484,0.061
11/30/22,Zg,ˎRP,192,400,202,0.455,0.505,0.050
11/30/22,Zg,ˎRQ,277,596,316,0.498,0.530,0.032
11/30/22,Zg,ˎRR,227,498,276,0.505,0.554,0.049
11/30/22,Zg,ˎRS,226,485,251,0.457,0.518,0.060
11/30/22,Zg,ˎRT,202,434,217,0.471,0.500,0.029
11/30/22,Zg,ˎRP,494,1016,576,0.526,0.567,0.041
11/30/22,Zg,ˎRQ,313,678,361,0.503,0.532,0.029
11/30/22,Zg,ˎRR,111,264,129,0.461,0.489,0.027
11/30/22,Zg,ˎRS,524,1209,635,0.467,0.525,0.058
11/30/22,Zg,lP,542,1150,615,0.464,0.535,0.070
11/30/22,Zg,lQ,671,1260,664,0.473,0.527,0.054
11/30/22,Zg,lR,1203,2100,1182,0.514,0.563,0.049
11/30/22,Zg,,613,1042,563,0.471,0.540,0.069
11/30/22,Zg,ZgP,842,1580,812,0.450,0.514,0.064
11/30/22,Zg,ZgQ,628,1263,698,0.465,0.553,0.087
11/30/22,Zg,ZgP,784,1681,980,0.518,0.583,0.065
11/30/22,Zg,ZgQ,665,1330,766,0.513,0.576,0.063
11/30/22,Zg,n]P,492,913,553,0.515,0.606,0.091
11/30/22,Zg,n]Q,571,1070,563,0.463,0.526,0.063
11/30/22,Zg,n]R,729,1659,867,0.443,0.523,0.080
11/30/22,Zg,n]S,761,1427,767,0.478,0.537,0.059
11/30/22,Zg,uP,1410,2920,1579,0.473,0.541,0.068
11/30/22,Zg,uQ,1475,2939,1551,0.470,0.528,0.058
11/30/22,Zg,uR,1357,2740,1324,0.428,0.483,0.055
11/30/22,Zg,P,696,1266,660,0.450,0.521,0.071
11/30/22,Zg,Q,900,1698,924,0.473,0.544,0.071
11/30/22,Zg,R,940,1855,1054,0.498,0.568,0.070
11/30/22,Zg,S,460,813,414,0.459,0.509,0.051
11/30/22,Zg,T,871,1594,906,0.498,0.568,0.070
11/30/22,Zg,U,670,1260,640,0.455,0.508,0.052
11/30/22,Zg,V,483,784,397,0.445,0.506,0.061
11/30/22,Zg,VP,773,1408,775,0.494,0.550,0.056
11/30/22,Zg,VQ,647,1197,620,0.455,0.518,0.063
11/30/22,Zg,a҂P,636,1360,742,0.486,0.546,0.060
11/30/22,Zg,a҂Q,386,721,454,0.551,0.630,0.079
11/30/22,Zg,[P,307,577,343,0.522,0.594,0.072
11/30/22,Zg,[Q,818,1418,756,0.468,0.533,0.065
11/30/22,Zg,ZgP,1549,2967,1669,0.504,0.563,0.059
11/30/22,Zg,ZgQ,1855,3773,2140,0.495,0.567,0.072
11/30/22,Zg,ZgR,855,1844,1004,0.477,0.544,0.068
11/30/22,Zg,ZgS,1171,2421,1221,0.451,0.504,0.054
11/30/22,Zg,P,1292,2147,1129,0.463,0.526,0.063
11/30/22,Zg,Q,938,1631,925,0.517,0.567,0.050
11/30/22,Zg,R,716,1191,617,0.459,0.518,0.059
11/30/22,Zg,P,1288,2069,1130,0.479,0.546,0.067
11/30/22,Zg,Q,1027,1562,870,0.495,0.557,0.062
11/30/22,Zg,R,856,1288,684,0.462,0.531,0.069
11/30/22,Zg,S,814,1346,722,0.493,0.536,0.043
11/30/22,Zg,P,1009,2068,1043,0.454,0.504,0.051
11/30/22,Zg,Q,1514,3076,1682,0.484,0.547,0.063
11/30/22,Zg,R,1762,3085,1694,0.474,0.549,0.075
11/30/22,Zg,S,1823,2776,1489,0.485,0.536,0.051
11/30/22,Zg,cP,963,1975,1019,0.443,0.516,0.073
11/30/22,Zg,cQ,1537,3079,1617,0.475,0.525,0.050
11/30/22,Zg,cR,1474,2568,1402,0.485,0.546,0.061
11/30/22,Zg,cS,918,1592,941,0.506,0.591,0.085
11/30/22,Zg,cT,1548,2791,1458,0.465,0.522,0.058
11/30/22,Zg,cU,895,1762,975,0.498,0.553,0.055
11/30/22,Zg,cV,1226,1983,1058,0.472,0.534,0.062
11/30/22,Zg,cW,812,1331,748,0.497,0.562,0.065
11/30/22,Zg,cX,2189,4054,2318,0.510,0.572,0.062
11/30/22,Zg,cPO,692,1163,655,0.503,0.563,0.060
11/30/22,Zg,䑷qP,1317,2327,1249,0.461,0.537,0.076
11/30/22,Zg,䑷qQ,1579,2432,1370,0.497,0.563,0.067
11/30/22,Zg,䑷qR,1445,2463,1307,0.463,0.531,0.068
11/30/22,Zg,䑷qP,767,1171,673,0.518,0.575,0.056
11/30/22,Zg,䑷qQ,941,1565,894,0.523,0.571,0.048
11/30/22,Zg,䑷qR,1001,1517,872,0.512,0.575,0.063
11/30/22,Zg,䑷qS,551,1012,550,0.482,0.543,0.062
11/30/22,Zg,䑷qT,1087,1752,902,0.472,0.515,0.043
11/30/22,Zg,䑷qP,746,1413,747,0.462,0.529,0.067
11/30/22,Zg,䑷qQ,587,929,499,0.501,0.537,0.037
11/30/22,Zg,RVP,1420,2627,1498,0.494,0.570,0.076
11/30/22,Zg,RVQ,864,1699,909,0.478,0.535,0.057
11/30/22,Zg,RVR,1323,2266,1284,0.506,0.567,0.060
11/30/22,Zg,RVS,954,1641,878,0.484,0.535,0.051
11/30/22,Zg,RVT,271,489,215,0.390,0.440,0.049
11/30/22,Zg,RV,324,638,332,0.464,0.520,0.057
11/30/22,Zg,{P,965,1519,791,0.452,0.521,0.068
11/30/22,Zg,{Q,1003,1705,949,0.494,0.557,0.063
11/30/22,Zg,{R,14,19,6,0.111,0.316,0.205
11/30/22,Zg,󍁂P,638,1044,393,0.337,0.376,0.039
11/30/22,Zg,󍁂Q,250,424,216,0.443,0.509,0.067
11/30/22,Zg,P,541,1054,565,0.462,0.536,0.074
11/30/22,Zg,Q,653,1281,678,0.455,0.529,0.074
11/30/22,Zg,тP,0,0,0,,,
11/30/22,Zg,тQ,436,815,393,0.436,0.482,0.046
11/30/22,Zg,тR,22,22,2,0.087,0.091,0.004
11/30/22,Zg,тS,275,487,274,0.499,0.563,0.064
11/30/22,Zg,YSP,972,1682,949,0.499,0.564,0.066
11/30/22,Zg,YSQ,757,1375,684,0.441,0.497,0.057
11/30/22,Zg,YSR,299,550,279,0.452,0.507,0.056
11/30/22,Zg,YSS,526,1148,616,0.480,0.537,0.057
11/30/22,Zg,YST,600,1215,633,0.463,0.521,0.058
11/30/22,Zg,YSU,459,836,414,0.443,0.495,0.052
11/30/22,Zg,YSV,633,1274,623,0.426,0.489,0.063
11/30/22,Zg,YSW,581,1185,614,0.458,0.518,0.060
11/30/22,Zg,P,166,321,186,0.543,0.579,0.037
11/30/22,Zg,Q,216,450,242,0.511,0.538,0.027
11/30/22,Zg,R,331,698,366,0.455,0.524,0.069
11/30/22,Zg,S,1115,2301,1199,0.446,0.521,0.075
11/30/22,Zg,T,308,656,354,0.478,0.540,0.062
11/30/22,Zg,U,344,654,344,0.450,0.526,0.076
11/30/22,Zg,V,721,1312,655,0.444,0.499,0.055
11/30/22,Zg,W,336,677,333,0.435,0.492,0.056
11/30/22,Zg,P,632,1173,652,0.505,0.556,0.051
11/30/22,Zg,Q,360,808,432,0.469,0.535,0.066
11/30/22,Zg,R,642,1131,636,0.509,0.562,0.053
11/30/22,Zg,S,1141,1901,1022,0.481,0.538,0.056
11/30/22,Zg,KÂP,1638,3065,1604,0.462,0.523,0.061
11/30/22,Zg,KÂQ,1021,1915,1005,0.476,0.525,0.049
11/30/22,Zg,KÂR,1342,2629,1369,0.456,0.521,0.064
11/30/22,Zg,KÂS,746,1473,823,0.491,0.559,0.067
11/30/22,Zg,KÂT,716,1416,719,0.453,0.508,0.054
11/30/22,Zg,kcӂP,534,979,499,0.467,0.510,0.043
11/30/22,Zg,kcӂQ,531,931,517,0.473,0.555,0.082
11/30/22,Zg,kcӂR,532,1135,654,0.501,0.576,0.075
11/30/22,Zg,kcӂS,1204,2238,1194,0.463,0.534,0.071
11/30/22,Zg,kcӂT,718,1209,694,0.523,0.574,0.052
11/30/22,Zg,kcӂU,1116,2235,1183,0.455,0.529,0.074
11/30/22,Zg,RP,912,1748,949,0.478,0.543,0.065
11/30/22,Zg,RQ,577,1149,623,0.485,0.542,0.057
11/30/22,Zg,RR,459,946,554,0.506,0.586,0.079
11/30/22,Zg,RS,709,1411,788,0.502,0.558,0.057
11/30/22,Zg,RT,1217,2561,1452,0.507,0.567,0.060
11/30/22,Zg,cӂP,796,1375,796,0.517,0.579,0.062
11/30/22,Zg,cӂQ,654,1205,651,0.475,0.540,0.065
11/30/22,Zg,cӂR,809,1599,838,0.444,0.524,0.080
11/30/22,Zg,cӂS,538,1174,687,0.514,0.585,0.071
11/30/22,Zg,cӂT,602,1204,716,0.517,0.595,0.078
11/30/22,Zg,cӂU,609,1223,764,0.551,0.625,0.074
11/30/22,Zg,cӂP,937,1967,1103,0.487,0.561,0.074
11/30/22,Zg,cӂQ,473,1005,543,0.486,0.540,0.054
11/30/22,Zg,cӂR,847,1864,1004,0.477,0.539,0.061
11/30/22,Zg,cӂS,510,1017,530,0.453,0.521,0.068
11/30/22,Zg,cӂT,1001,2143,1301,0.532,0.607,0.075
11/30/22,Zg,cӂP,565,1010,559,0.480,0.553,0.074
11/30/22,Zg,cӂQ,938,1883,1010,0.480,0.536,0.057
11/30/22,Zg,cӂR,946,1891,1014,0.470,0.536,0.067
11/30/22,Zg,P,1248,2362,1347,0.512,0.570,0.059
11/30/22,Zg,Q,358,700,388,0.523,0.554,0.032
11/30/22,Zg,R,946,1632,925,0.501,0.567,0.066
11/30/22,Zg,S,669,973,544,0.500,0.559,0.059
11/30/22,Zg,T,644,1073,677,0.577,0.631,0.054
11/30/22,Zg,P,1328,2507,1391,0.499,0.555,0.056
11/30/22,Zg,Q,857,1769,972,0.490,0.549,0.060
11/30/22,Zg,R,998,1987,1187,0.523,0.597,0.074
11/30/22,Zg,S,962,1959,1061,0.492,0.542,0.050
11/30/22,Zg,jP,637,1087,632,0.509,0.581,0.073
11/30/22,Zg,jQ,423,815,439,0.460,0.539,0.079
11/30/22,Zg,jR,468,840,514,0.554,0.612,0.058
11/30/22,Zg,jS,453,808,397,0.448,0.491,0.044
11/30/22,Zg,,1,4,0,,,
11/30/22,Zg,鍇P,1147,2225,1223,0.491,0.550,0.058
11/30/22,Zg,鍇Q,1017,1766,997,0.518,0.565,0.047
11/30/22,Zg,鍇R,1165,2233,1203,0.476,0.539,0.063
11/30/22,Zg,鍇S,919,1849,928,0.445,0.502,0.057
11/30/22,Zg,P,731,1408,836,0.513,0.594,0.081
11/30/22,Zg,Q,1189,1942,1035,0.465,0.533,0.068
11/30/22,Zg,R,709,1356,798,0.517,0.588,0.071
11/30/22,Zg,S,727,1397,773,0.489,0.553,0.065
11/30/22,Zg,T,735,1451,708,0.426,0.488,0.062
11/30/22,Zg,U,723,1340,640,0.421,0.478,0.057
11/30/22,Zg,cP,1468,2618,1358,0.463,0.519,0.056
11/30/22,Zg,cQ,485,946,440,0.399,0.465,0.066
11/30/22,Zg,cR,672,1224,574,0.408,0.469,0.061
11/30/22,Zg,cS,1028,1816,851,0.411,0.469,0.057
11/30/22,Zg,cP,896,1340,689,0.461,0.514,0.054
11/30/22,Zg,cQ,1196,1601,829,0.467,0.518,0.051
11/30/22,Zg,cR,564,761,390,0.432,0.512,0.081
11/30/22,Zg,cS,772,1115,568,0.449,0.509,0.060
11/30/22,Zg,cT,137,215,101,0.415,0.470,0.055
11/30/22,Zg,cU,447,771,347,0.392,0.450,0.058
11/30/22,Zg,cV,256,343,130,0.317,0.379,0.062
11/30/22,Zg,ƃPucP,1091,1699,882,0.447,0.519,0.072
11/30/22,Zg,ƃPucQ,673,1197,630,0.442,0.526,0.084
11/30/22,Zg,ƃPucR,965,1573,803,0.440,0.510,0.071
11/30/22,Zg,ƃPucS,486,735,345,0.422,0.469,0.047
11/30/22,Zg,ZcP,1317,2214,973,0.376,0.439,0.063
11/30/22,Zg,ZcQ,313,538,254,0.408,0.472,0.064
11/30/22,Zg,ZcR,415,711,411,0.492,0.578,0.086
11/30/22,Zg,ZcS,512,920,426,0.391,0.463,0.072
11/30/22,Zg,ZcT,314,553,260,0.393,0.470,0.077
11/30/22,Zg,ZcU,451,759,347,0.418,0.457,0.039
11/30/22,Zg,ZcV,353,594,297,0.414,0.500,0.086
11/30/22,Zg,ZcW,515,820,367,0.383,0.448,0.065
11/30/22,Zg,ZcX,412,626,314,0.450,0.502,0.052
11/30/22,,nP,276,569,344,0.526,0.605,0.079
11/30/22,,nQ,376,635,378,0.512,0.595,0.084
11/30/22,,kP,612,1111,659,0.501,0.593,0.092
11/30/22,,kQ,397,802,407,0.438,0.507,0.070
11/30/22,,eP,1149,2447,1394,0.478,0.570,0.092
11/30/22,,eQ,943,1763,924,0.447,0.524,0.077
11/30/22,,eR,549,958,491,0.418,0.513,0.094
11/30/22,,eS,510,1098,649,0.507,0.591,0.084
11/30/22,,쌳,749,1550,916,0.528,0.591,0.063
11/30/22,,㒬P,657,1067,576,0.469,0.540,0.071
11/30/22,,㒬Q,304,603,301,0.426,0.499,0.073
11/30/22,,{P,1198,2146,1318,0.520,0.614,0.094
11/30/22,,{Q,295,546,295,0.487,0.540,0.053
11/30/22,,sP,469,878,481,0.489,0.548,0.059
11/30/22,,sQ,507,888,428,0.401,0.482,0.081
11/30/22,,sR,190,369,245,0.593,0.664,0.071
11/30/22,,wˌP,836,1734,943,0.461,0.544,0.082
11/30/22,,wˌQ,845,1777,1024,0.492,0.576,0.085
11/30/22,,wˌR,514,858,492,0.494,0.573,0.080
11/30/22,,wˌS,380,675,352,0.416,0.521,0.105
11/30/22,,wˌT,379,609,311,0.444,0.511,0.067
11/30/22,,{P,675,1400,735,0.447,0.525,0.078
11/30/22,,{Q,556,948,539,0.487,0.569,0.082
11/30/22,,{R,481,901,518,0.506,0.575,0.069
11/30/22,,{S,568,1102,582,0.465,0.528,0.063
11/30/22,,{T,543,1209,674,0.463,0.557,0.094
11/30/22,,쓌P,695,1421,834,0.487,0.587,0.100
11/30/22,,쓌Q,491,961,481,0.415,0.501,0.085
11/30/22,,쓌R,444,868,484,0.474,0.558,0.084
11/30/22,,쓌S,530,989,537,0.451,0.543,0.092
11/30/22,,쐼P,527,1040,570,0.461,0.548,0.088
11/30/22,,쐼Q,146,288,164,0.495,0.569,0.075
11/30/22,,쐼R,586,1122,671,0.533,0.598,0.065
11/30/22,,쐼S,629,1047,594,0.471,0.567,0.096
11/30/22,,쐼T,795,1120,636,0.478,0.568,0.090
11/30/22,,쐼U,347,678,394,0.508,0.581,0.073
11/30/22,,P,499,903,558,0.550,0.618,0.068
11/30/22,,Q,145,288,157,0.502,0.545,0.043
11/30/22,,R,826,1563,821,0.446,0.525,0.079
11/30/22,,S,487,993,482,0.424,0.485,0.062
11/30/22,,P,742,1496,771,0.442,0.515,0.074
11/30/22,,Q,475,986,554,0.480,0.562,0.082
11/30/22,,R,743,1398,749,0.448,0.536,0.087
11/30/22,,S,90,205,123,0.444,0.600,0.156
11/30/22,,AP,1386,2877,1572,0.454,0.546,0.092
11/30/22,,AQ,639,1252,614,0.421,0.490,0.070
11/30/22,,AR,1568,2854,1481,0.441,0.519,0.078
11/30/22,,AS,1229,2085,1180,0.489,0.566,0.077
11/30/22,,AT,1005,1831,954,0.446,0.521,0.075
11/30/22,,AU,232,454,237,0.420,0.522,0.102
11/30/22,,AP,885,1756,982,0.468,0.559,0.092
11/30/22,,AQ,1482,2762,1620,0.521,0.587,0.066
11/30/22,,AR,581,1282,691,0.474,0.539,0.065
11/30/22,,AS,1214,2246,1247,0.475,0.555,0.080
11/30/22,,AT,1083,2552,1445,0.463,0.566,0.103
11/30/22,,AU,345,752,455,0.507,0.605,0.098
11/30/22,,AV,579,1161,662,0.488,0.570,0.082
11/30/22,,AP,766,1532,852,0.484,0.556,0.072
11/30/22,,AQ,491,1112,619,0.480,0.557,0.077
11/30/22,,AR,891,1691,999,0.523,0.591,0.068
11/30/22,,AS,735,1084,631,0.507,0.582,0.075
11/30/22,,AT,1264,2365,1269,0.459,0.537,0.078
11/30/22,,ZjP,2711,4951,2875,0.507,0.581,0.073
11/30/22,,ZjQ,1067,2191,1191,0.462,0.544,0.082
11/30/22,,ZjR,637,1390,721,0.431,0.519,0.087
11/30/22,,ZjP,1427,2918,1671,0.501,0.573,0.072
11/30/22,,ZjQ,1632,2719,1625,0.518,0.598,0.080
11/30/22,,ZjR,777,1429,773,0.448,0.541,0.093
11/30/22,,ZjS,376,730,411,0.480,0.563,0.083
11/30/22,,ZjT,290,637,336,0.431,0.527,0.097
11/30/22,,ZjU,595,1193,628,0.447,0.526,0.079
11/30/22,,ZjV,360,777,430,0.463,0.553,0.090
11/30/22,,ZjP,1001,1840,1083,0.503,0.589,0.086
11/30/22,,ZjQ,2247,3961,2335,0.500,0.589,0.089
11/30/22,,ZjR,692,1446,792,0.464,0.548,0.083
11/30/22,,ZjS,769,1325,748,0.479,0.565,0.086
11/30/22,,ZjT,272,627,388,0.505,0.619,0.114
11/30/22,,ZjU,105,214,128,0.533,0.598,0.065
11/30/22,,ZjV,28,34,16,0.500,0.471,-0.029
11/30/22,,ZjW,383,726,350,0.397,0.482,0.085
11/30/22,,ZjP,135,176,51,0.241,0.290,0.049
11/30/22,,ZjQ,82,134,39,0.216,0.291,0.075
11/30/22,,kP,1128,1846,860,0.412,0.466,0.054
11/30/22,,kQ,182,268,133,0.460,0.496,0.036
11/30/22,,kR,848,1214,571,0.401,0.470,0.070
11/30/22,,kS,472,703,293,0.374,0.417,0.042
11/30/22,,kT,1191,2234,1134,0.439,0.508,0.069
11/30/22,,kU,827,1484,750,0.432,0.505,0.073
11/30/22,,kV,579,1138,570,0.422,0.501,0.079
11/30/22,,kW,1380,2612,1315,0.414,0.503,0.089
11/30/22,,kX,332,631,241,0.315,0.382,0.067
11/30/22,,oP,1246,2266,1213,0.440,0.535,0.096
11/30/22,,oQ,467,915,484,0.451,0.529,0.078
11/30/22,,oR,991,2092,1080,0.428,0.516,0.088
11/30/22,,oS,365,712,392,0.468,0.551,0.083
11/30/22,,P,852,1667,812,0.400,0.487,0.087
11/30/22,,Q,274,500,264,0.437,0.528,0.091
11/30/22,,R,910,2029,1059,0.438,0.522,0.084
11/30/22,,S,1286,2301,1193,0.447,0.518,0.072
11/30/22,,T,726,1449,773,0.451,0.533,0.083
11/30/22,,U,769,1397,776,0.451,0.555,0.104
11/30/22,,V,138,250,92,0.321,0.368,0.047
11/30/22,,P,1086,2255,1186,0.440,0.526,0.086
11/30/22,,Q,954,1735,926,0.457,0.534,0.077
11/30/22,,ƍP,748,1565,827,0.447,0.528,0.082
11/30/22,,ƍQ,727,1525,766,0.406,0.502,0.097
11/30/22,,ƍR,885,1413,748,0.447,0.529,0.082
11/30/22,,P,384,783,452,0.476,0.577,0.102
11/30/22,,Q,547,1042,651,0.550,0.625,0.074
11/30/22,,R,222,373,180,0.416,0.483,0.067
11/30/22,,S,383,742,401,0.461,0.540,0.079
11/30/22,,T,406,713,356,0.434,0.499,0.065
11/30/22,,go˂P,763,1490,876,0.512,0.588,0.076
11/30/22,,go˂Q,1244,2383,1344,0.484,0.564,0.080
11/30/22,,go˂R,835,2013,1029,0.456,0.511,0.055
11/30/22,,go˂S,683,1187,643,0.443,0.542,0.098
11/30/22,,go˂T,394,710,397,0.491,0.559,0.068
11/30/22,,go˂U,449,887,487,0.484,0.549,0.065
11/30/22,,go˂V,541,963,477,0.406,0.495,0.090
11/30/22,,go˂W,1220,2133,1208,0.463,0.566,0.104
11/30/22,,gZP,767,1482,785,0.457,0.530,0.073
11/30/22,,gZQ,731,1434,737,0.445,0.514,0.069
11/30/22,,gZR,1296,2506,1429,0.488,0.570,0.082
11/30/22,,gZS,985,1759,1011,0.504,0.575,0.071
11/30/22,,gZT,687,1101,698,0.519,0.634,0.115
11/30/22,,gP,107,142,79,0.472,0.556,0.085
11/30/22,,gQ,484,1003,518,0.459,0.516,0.057
11/30/22,,gR,759,1545,825,0.440,0.534,0.093
11/30/22,,gS,1010,1902,1030,0.469,0.542,0.072
11/30/22,,gP,1258,2310,1259,0.468,0.545,0.077
11/30/22,,gQ,736,1470,727,0.420,0.495,0.074
11/30/22,,gR,712,1422,761,0.465,0.535,0.071
11/30/22,,gS,1095,2376,1158,0.418,0.487,0.069
11/30/22,,gP,1010,1631,821,0.440,0.503,0.063
11/30/22,,gQ,1270,2470,1406,0.484,0.569,0.085
11/30/22,,gR,1336,2324,1283,0.469,0.552,0.083
11/30/22,,gӂP,381,825,445,0.441,0.539,0.098
11/30/22,,gӂQ,701,1383,649,0.395,0.469,0.074
11/30/22,,gӂR,1119,2217,1154,0.446,0.521,0.075
11/30/22,,gӂS,223,513,319,0.529,0.622,0.093
8/31/22,,RP,965,1224,700,0.500,0.572,0.072
8/31/22,,RQ,1148,1384,948,0.643,0.685,0.042
8/31/22,,RR,1060,1168,803,0.655,0.688,0.032
8/31/22,,qP,1293,1375,948,0.626,0.689,0.063
8/31/22,,qQ,403,435,262,0.565,0.602,0.037
8/31/22,,VP,3466,3550,2694,0.713,0.759,0.045
8/31/22,,VQ,3079,3112,2417,0.701,0.777,0.076
8/31/22,,VR,1014,1072,969,0.856,0.904,0.048
8/31/22,,ԉkP,1647,1811,1214,0.614,0.670,0.056
8/31/22,,ԉkQ,2371,2699,1996,0.649,0.740,0.091
8/31/22,,ԉP,990,1245,771,0.515,0.619,0.104
8/31/22,,ԉQ,863,1273,764,0.526,0.600,0.074
8/31/22,,VkP,553,610,366,0.567,0.600,0.033
8/31/22,,VkQ,762,823,661,0.763,0.803,0.040
8/31/22,,VP,913,1424,898,0.537,0.631,0.093
8/31/22,,VQ,991,1586,1045,0.560,0.659,0.099
8/31/22,,VP,1898,2634,1545,0.539,0.587,0.048
8/31/22,,VQ,1167,1615,946,0.523,0.586,0.063
8/31/22,,VR,1612,2120,1314,0.558,0.620,0.062
8/31/22,,VP,838,1362,807,0.496,0.593,0.096
8/31/22,,VQ,489,795,501,0.521,0.630,0.109
8/31/22,,V_mXP,651,1109,595,0.455,0.537,0.081
8/31/22,,V_mXQ,349,726,407,0.475,0.561,0.086
8/31/22,,ݗP,324,509,314,0.560,0.617,0.057
8/31/22,,ݗQ,926,1229,777,0.554,0.632,0.078
8/31/22,,ݗR,931,1489,907,0.550,0.609,0.060
8/31/22,,ݗP,1854,2507,1587,0.561,0.633,0.072
8/31/22,,ݗQ,791,1211,748,0.557,0.618,0.061
8/31/22,,ʏoP,799,1257,700,0.479,0.557,0.078
8/31/22,,ʏoQ,1011,1650,1001,0.541,0.607,0.066
8/31/22,,ʏoP,1017,1666,1032,0.564,0.619,0.056
8/31/22,,ʏoQ,904,1385,802,0.525,0.579,0.054
8/31/22,,ʏoP,1153,1676,987,0.508,0.589,0.081
8/31/22,,ʏoQ,1546,2248,1233,0.486,0.548,0.063
8/31/22,,kJP,210,260,123,0.478,0.473,-0.005
8/31/22,,kJQ,31,57,30,0.483,0.526,0.044
8/31/22,,JP,91,102,78,0.663,0.765,0.101
8/31/22,,JQ,353,435,280,0.569,0.644,0.075
8/31/22,,JR,199,323,147,0.405,0.455,0.050
8/31/22,,JP,86,128,53,0.398,0.414,0.016
8/31/22,,JQ,307,565,258,0.413,0.457,0.044
8/31/22,,oP,339,428,244,0.493,0.570,0.077
8/31/22,,oQ,219,333,148,0.382,0.444,0.062
8/31/22,,oR,365,625,379,0.519,0.606,0.087
8/31/22,,P,922,1356,806,0.535,0.594,0.059
8/31/22,,Q,367,569,303,0.471,0.533,0.061
8/31/22,,R,720,1020,549,0.449,0.538,0.089
8/31/22,,ߌP,1796,2271,1557,0.625,0.686,0.061
8/31/22,,ߌQ,1030,1411,980,0.628,0.695,0.066
8/31/22,,ߌR,1027,1462,849,0.500,0.581,0.080
8/31/22,,P,858,1293,682,0.467,0.527,0.061
8/31/22,,Q,523,690,409,0.518,0.593,0.074
8/31/22,,R,568,851,477,0.498,0.561,0.062
8/31/22,,~P,1008,1381,748,0.472,0.542,0.070
8/31/22,,~Q,638,911,510,0.472,0.560,0.087
8/31/22,,~R,767,1172,580,0.432,0.495,0.063
8/31/22,,P,980,1353,820,0.529,0.606,0.077
8/31/22,,Q,783,1436,814,0.478,0.567,0.089
8/31/22,,R,911,1642,896,0.466,0.546,0.079
8/31/22,,kP,572,937,582,0.531,0.621,0.090
8/31/22,,kQ,533,857,515,0.532,0.601,0.069
8/31/22,,kR,880,1532,898,0.506,0.586,0.080
8/31/22,,HP,883,1340,874,0.561,0.652,0.091
8/31/22,,HQ,654,1031,640,0.523,0.621,0.098
8/31/22,,{kP,860,1336,807,0.521,0.604,0.083
8/31/22,,{kQ,1393,2580,1471,0.484,0.570,0.086
8/31/22,,{P,1077,1648,998,0.530,0.606,0.076
8/31/22,,{Q,988,1668,1022,0.514,0.613,0.099
8/31/22,,{P,1424,2371,1301,0.469,0.549,0.080
8/31/22,,{Q,1041,2038,1141,0.477,0.560,0.083
8/31/22,,kÎP,177,323,158,0.449,0.489,0.040
8/31/22,,kÎQ,269,495,256,0.460,0.517,0.057
8/31/22,,kÎR,291,450,247,0.461,0.549,0.088
8/31/22,,kÎS,865,1460,774,0.440,0.530,0.090
8/31/22,,ÎP,423,663,314,0.414,0.474,0.060
8/31/22,,ÎQ,217,298,131,0.360,0.440,0.080
8/31/22,,ÎR,587,1031,544,0.473,0.528,0.055
8/31/22,,ÎP,581,776,280,0.346,0.361,0.014
8/31/22,,ÎQ,561,909,505,0.490,0.556,0.066
8/31/22,,ÎR,718,1219,677,0.491,0.555,0.064
8/31/22,,ÎS,833,1586,858,0.464,0.541,0.077
8/31/22,,ÎT,157,205,78,0.369,0.380,0.012
8/31/22,,ÎU,749,1411,838,0.537,0.594,0.057
8/31/22,,ÎV,1753,2934,1563,0.469,0.533,0.064